last_login,is_superuser,first_name,last_name,is_staff,is_active,date_joined,user_id,name,email,password
,0,1,1,0,1,5/1/2023 4:37,1,1,1,pbkdf2_sha256$600000$zXn3Dv4QqNOcBik4NMdyuW$OLguRG8KogyDz7poBxVP9oHuw1lGnJVJfuU3w039XPM=
,0,1,1,0,1,5/1/2023 4:37,2,2,2,pbkdf2_sha256$600000$zXn3Dv4QqNOcBik4NMdyuW$OLguRG8KogyDz7poBxVP9oHuw1lGnJVJfuU3w039XPM=
,0,1,1,0,1,5/1/2023 4:37,3,3,3,pbkdf2_sha256$600000$zXn3Dv4QqNOcBik4NMdyuW$OLguRG8KogyDz7poBxVP9oHuw1lGnJVJfuU3w039XPM=
,0,1,1,0,1,5/1/2023 4:37,4,4,4,pbkdf2_sha256$600000$zXn3Dv4QqNOcBik4NMdyuW$OLguRG8KogyDz7poBxVP9oHuw1lGnJVJfuU3w039XPM=
,0,1,1,0,1,5/1/2023 4:37,5,5,5,pbkdf2_sha256$600000$zXn3Dv4QqNOcBik4NMdyuW$OLguRG8KogyDz7poBxVP9oHuw1lGnJVJfuU3w039XPM=
,0,1,1,0,1,5/1/2023 4:37,6,6,6,pbkdf2_sha256$600000$zXn3Dv4QqNOcBik4NMdyuW$OLguRG8KogyDz7poBxVP9oHuw1lGnJVJfuU3w039XPM=
,0,1,1,0,1,5/1/2023 4:37,7,7,7,pbkdf2_sha256$600000$zXn3Dv4QqNOcBik4NMdyuW$OLguRG8KogyDz7poBxVP9oHuw1lGnJVJfuU3w039XPM=
,0,1,1,0,1,5/1/2023 4:37,8,8,8,pbkdf2_sha256$600000$zXn3Dv4QqNOcBik4NMdyuW$OLguRG8KogyDz7poBxVP9oHuw1lGnJVJfuU3w039XPM=
,0,1,1,0,1,5/1/2023 4:37,9,9,9,pbkdf2_sha256$600000$zXn3Dv4QqNOcBik4NMdyuW$OLguRG8KogyDz7poBxVP9oHuw1lGnJVJfuU3w039XPM=
,0,1,1,0,1,5/1/2023 4:37,10,10,10,pbkdf2_sha256$600000$zXn3Dv4QqNOcBik4NMdyuW$OLguRG8KogyDz7poBxVP9oHuw1lGnJVJfuU3w039XPM=
,0,1,1,0,1,5/1/2023 4:37,11,11,11,pbkdf2_sha256$600000$zXn3Dv4QqNOcBik4NMdyuW$OLguRG8KogyDz7poBxVP9oHuw1lGnJVJfuU3w039XPM=
,0,1,1,0,1,5/1/2023 4:37,12,12,12,pbkdf2_sha256$600000$zXn3Dv4QqNOcBik4NMdyuW$OLguRG8KogyDz7poBxVP9oHuw1lGnJVJfuU3w039XPM=
,0,1,1,0,1,5/1/2023 4:37,13,13,13,pbkdf2_sha256$600000$zXn3Dv4QqNOcBik4NMdyuW$OLguRG8KogyDz7poBxVP9oHuw1lGnJVJfuU3w039XPM=
,0,1,1,0,1,5/1/2023 4:37,14,14,14,pbkdf2_sha256$600000$zXn3Dv4QqNOcBik4NMdyuW$OLguRG8KogyDz7poBxVP9oHuw1lGnJVJfuU3w039XPM=
,0,1,1,0,1,5/1/2023 4:37,15,15,15,pbkdf2_sha256$600000$zXn3Dv4QqNOcBik4NMdyuW$OLguRG8KogyDz7poBxVP9oHuw1lGnJVJfuU3w039XPM=
,0,1,1,0,1,5/1/2023 4:37,16,16,16,pbkdf2_sha256$600000$zXn3Dv4QqNOcBik4NMdyuW$OLguRG8KogyDz7poBxVP9oHuw1lGnJVJfuU3w039XPM=
,0,1,1,0,1,5/1/2023 4:37,17,17,17,pbkdf2_sha256$600000$zXn3Dv4QqNOcBik4NMdyuW$OLguRG8KogyDz7poBxVP9oHuw1lGnJVJfuU3w039XPM=
,0,1,1,0,1,5/1/2023 4:37,18,18,18,pbkdf2_sha256$600000$zXn3Dv4QqNOcBik4NMdyuW$OLguRG8KogyDz7poBxVP9oHuw1lGnJVJfuU3w039XPM=
,0,1,1,0,1,5/1/2023 4:37,19,19,19,pbkdf2_sha256$600000$zXn3Dv4QqNOcBik4NMdyuW$OLguRG8KogyDz7poBxVP9oHuw1lGnJVJfuU3w039XPM=
,0,1,1,0,1,5/1/2023 4:37,20,20,20,pbkdf2_sha256$600000$zXn3Dv4QqNOcBik4NMdyuW$OLguRG8KogyDz7poBxVP9oHuw1lGnJVJfuU3w039XPM=
,0,1,1,0,1,5/1/2023 4:37,21,21,21,pbkdf2_sha256$600000$zXn3Dv4QqNOcBik4NMdyuW$OLguRG8KogyDz7poBxVP9oHuw1lGnJVJfuU3w039XPM=
,0,1,1,0,1,5/1/2023 4:37,22,22,22,pbkdf2_sha256$600000$zXn3Dv4QqNOcBik4NMdyuW$OLguRG8KogyDz7poBxVP9oHuw1lGnJVJfuU3w039XPM=
,0,1,1,0,1,5/1/2023 4:37,23,23,23,pbkdf2_sha256$600000$zXn3Dv4QqNOcBik4NMdyuW$OLguRG8KogyDz7poBxVP9oHuw1lGnJVJfuU3w039XPM=
,0,1,1,0,1,5/1/2023 4:37,24,24,24,pbkdf2_sha256$600000$zXn3Dv4QqNOcBik4NMdyuW$OLguRG8KogyDz7poBxVP9oHuw1lGnJVJfuU3w039XPM=
,0,1,1,0,1,5/1/2023 4:37,25,25,25,pbkdf2_sha256$600000$zXn3Dv4QqNOcBik4NMdyuW$OLguRG8KogyDz7poBxVP9oHuw1lGnJVJfuU3w039XPM=
,0,1,1,0,1,5/1/2023 4:37,26,26,26,pbkdf2_sha256$600000$zXn3Dv4QqNOcBik4NMdyuW$OLguRG8KogyDz7poBxVP9oHuw1lGnJVJfuU3w039XPM=
,0,1,1,0,1,5/1/2023 4:37,27,27,27,pbkdf2_sha256$600000$zXn3Dv4QqNOcBik4NMdyuW$OLguRG8KogyDz7poBxVP9oHuw1lGnJVJfuU3w039XPM=
,0,1,1,0,1,5/1/2023 4:37,28,28,28,pbkdf2_sha256$600000$zXn3Dv4QqNOcBik4NMdyuW$OLguRG8KogyDz7poBxVP9oHuw1lGnJVJfuU3w039XPM=
,0,1,1,0,1,5/1/2023 4:37,29,29,29,pbkdf2_sha256$600000$zXn3Dv4QqNOcBik4NMdyuW$OLguRG8KogyDz7poBxVP9oHuw1lGnJVJfuU3w039XPM=
,0,1,1,0,1,5/1/2023 4:37,30,30,30,pbkdf2_sha256$600000$zXn3Dv4QqNOcBik4NMdyuW$OLguRG8KogyDz7poBxVP9oHuw1lGnJVJfuU3w039XPM=
,0,1,1,0,1,5/1/2023 4:37,31,31,31,pbkdf2_sha256$600000$zXn3Dv4QqNOcBik4NMdyuW$OLguRG8KogyDz7poBxVP9oHuw1lGnJVJfuU3w039XPM=
,0,1,1,0,1,5/1/2023 4:37,32,32,32,pbkdf2_sha256$600000$zXn3Dv4QqNOcBik4NMdyuW$OLguRG8KogyDz7poBxVP9oHuw1lGnJVJfuU3w039XPM=
,0,1,1,0,1,5/1/2023 4:37,33,33,33,pbkdf2_sha256$600000$zXn3Dv4QqNOcBik4NMdyuW$OLguRG8KogyDz7poBxVP9oHuw1lGnJVJfuU3w039XPM=
,0,1,1,0,1,5/1/2023 4:37,34,34,34,pbkdf2_sha256$600000$zXn3Dv4QqNOcBik4NMdyuW$OLguRG8KogyDz7poBxVP9oHuw1lGnJVJfuU3w039XPM=
,0,1,1,0,1,5/1/2023 4:37,35,35,35,pbkdf2_sha256$600000$zXn3Dv4QqNOcBik4NMdyuW$OLguRG8KogyDz7poBxVP9oHuw1lGnJVJfuU3w039XPM=
,0,1,1,0,1,5/1/2023 4:37,36,36,36,pbkdf2_sha256$600000$zXn3Dv4QqNOcBik4NMdyuW$OLguRG8KogyDz7poBxVP9oHuw1lGnJVJfuU3w039XPM=
,0,1,1,0,1,5/1/2023 4:37,37,37,37,pbkdf2_sha256$600000$zXn3Dv4QqNOcBik4NMdyuW$OLguRG8KogyDz7poBxVP9oHuw1lGnJVJfuU3w039XPM=
,0,1,1,0,1,5/1/2023 4:37,38,38,38,pbkdf2_sha256$600000$zXn3Dv4QqNOcBik4NMdyuW$OLguRG8KogyDz7poBxVP9oHuw1lGnJVJfuU3w039XPM=
,0,1,1,0,1,5/1/2023 4:37,39,39,39,pbkdf2_sha256$600000$zXn3Dv4QqNOcBik4NMdyuW$OLguRG8KogyDz7poBxVP9oHuw1lGnJVJfuU3w039XPM=
,0,1,1,0,1,5/1/2023 4:37,40,40,40,pbkdf2_sha256$600000$zXn3Dv4QqNOcBik4NMdyuW$OLguRG8KogyDz7poBxVP9oHuw1lGnJVJfuU3w039XPM=
,0,1,1,0,1,5/1/2023 4:37,41,41,41,pbkdf2_sha256$600000$zXn3Dv4QqNOcBik4NMdyuW$OLguRG8KogyDz7poBxVP9oHuw1lGnJVJfuU3w039XPM=
,0,1,1,0,1,5/1/2023 4:37,42,42,42,pbkdf2_sha256$600000$zXn3Dv4QqNOcBik4NMdyuW$OLguRG8KogyDz7poBxVP9oHuw1lGnJVJfuU3w039XPM=
,0,1,1,0,1,5/1/2023 4:37,43,43,43,pbkdf2_sha256$600000$zXn3Dv4QqNOcBik4NMdyuW$OLguRG8KogyDz7poBxVP9oHuw1lGnJVJfuU3w039XPM=
,0,1,1,0,1,5/1/2023 4:37,44,44,44,pbkdf2_sha256$600000$zXn3Dv4QqNOcBik4NMdyuW$OLguRG8KogyDz7poBxVP9oHuw1lGnJVJfuU3w039XPM=
,0,1,1,0,1,5/1/2023 4:37,45,45,45,pbkdf2_sha256$600000$zXn3Dv4QqNOcBik4NMdyuW$OLguRG8KogyDz7poBxVP9oHuw1lGnJVJfuU3w039XPM=
,0,1,1,0,1,5/1/2023 4:37,46,46,46,pbkdf2_sha256$600000$zXn3Dv4QqNOcBik4NMdyuW$OLguRG8KogyDz7poBxVP9oHuw1lGnJVJfuU3w039XPM=
,0,1,1,0,1,5/1/2023 4:37,47,47,47,pbkdf2_sha256$600000$zXn3Dv4QqNOcBik4NMdyuW$OLguRG8KogyDz7poBxVP9oHuw1lGnJVJfuU3w039XPM=
,0,1,1,0,1,5/1/2023 4:37,48,48,48,pbkdf2_sha256$600000$zXn3Dv4QqNOcBik4NMdyuW$OLguRG8KogyDz7poBxVP9oHuw1lGnJVJfuU3w039XPM=
,0,1,1,0,1,5/1/2023 4:37,49,49,49,pbkdf2_sha256$600000$zXn3Dv4QqNOcBik4NMdyuW$OLguRG8KogyDz7poBxVP9oHuw1lGnJVJfuU3w039XPM=
,0,1,1,0,1,5/1/2023 4:37,50,50,50,pbkdf2_sha256$600000$zXn3Dv4QqNOcBik4NMdyuW$OLguRG8KogyDz7poBxVP9oHuw1lGnJVJfuU3w039XPM=
,0,1,1,0,1,5/1/2023 4:37,51,51,51,pbkdf2_sha256$600000$zXn3Dv4QqNOcBik4NMdyuW$OLguRG8KogyDz7poBxVP9oHuw1lGnJVJfuU3w039XPM=
,0,1,1,0,1,5/1/2023 4:37,52,52,52,pbkdf2_sha256$600000$zXn3Dv4QqNOcBik4NMdyuW$OLguRG8KogyDz7poBxVP9oHuw1lGnJVJfuU3w039XPM=
,0,1,1,0,1,5/1/2023 4:37,53,53,53,pbkdf2_sha256$600000$zXn3Dv4QqNOcBik4NMdyuW$OLguRG8KogyDz7poBxVP9oHuw1lGnJVJfuU3w039XPM=
,0,1,1,0,1,5/1/2023 4:37,54,54,54,pbkdf2_sha256$600000$zXn3Dv4QqNOcBik4NMdyuW$OLguRG8KogyDz7poBxVP9oHuw1lGnJVJfuU3w039XPM=
,0,1,1,0,1,5/1/2023 4:37,55,55,55,pbkdf2_sha256$600000$zXn3Dv4QqNOcBik4NMdyuW$OLguRG8KogyDz7poBxVP9oHuw1lGnJVJfuU3w039XPM=
,0,1,1,0,1,5/1/2023 4:37,56,56,56,pbkdf2_sha256$600000$zXn3Dv4QqNOcBik4NMdyuW$OLguRG8KogyDz7poBxVP9oHuw1lGnJVJfuU3w039XPM=
,0,1,1,0,1,5/1/2023 4:37,57,57,57,pbkdf2_sha256$600000$zXn3Dv4QqNOcBik4NMdyuW$OLguRG8KogyDz7poBxVP9oHuw1lGnJVJfuU3w039XPM=
,0,1,1,0,1,5/1/2023 4:37,58,58,58,pbkdf2_sha256$600000$zXn3Dv4QqNOcBik4NMdyuW$OLguRG8KogyDz7poBxVP9oHuw1lGnJVJfuU3w039XPM=
,0,1,1,0,1,5/1/2023 4:37,59,59,59,pbkdf2_sha256$600000$zXn3Dv4QqNOcBik4NMdyuW$OLguRG8KogyDz7poBxVP9oHuw1lGnJVJfuU3w039XPM=
,0,1,1,0,1,5/1/2023 4:37,60,60,60,pbkdf2_sha256$600000$zXn3Dv4QqNOcBik4NMdyuW$OLguRG8KogyDz7poBxVP9oHuw1lGnJVJfuU3w039XPM=
,0,1,1,0,1,5/1/2023 4:37,61,61,61,pbkdf2_sha256$600000$zXn3Dv4QqNOcBik4NMdyuW$OLguRG8KogyDz7poBxVP9oHuw1lGnJVJfuU3w039XPM=
,0,1,1,0,1,5/1/2023 4:37,62,62,62,pbkdf2_sha256$600000$zXn3Dv4QqNOcBik4NMdyuW$OLguRG8KogyDz7poBxVP9oHuw1lGnJVJfuU3w039XPM=
,0,1,1,0,1,5/1/2023 4:37,63,63,63,pbkdf2_sha256$600000$zXn3Dv4QqNOcBik4NMdyuW$OLguRG8KogyDz7poBxVP9oHuw1lGnJVJfuU3w039XPM=
,0,1,1,0,1,5/1/2023 4:37,64,64,64,pbkdf2_sha256$600000$zXn3Dv4QqNOcBik4NMdyuW$OLguRG8KogyDz7poBxVP9oHuw1lGnJVJfuU3w039XPM=
,0,1,1,0,1,5/1/2023 4:37,65,65,65,pbkdf2_sha256$600000$zXn3Dv4QqNOcBik4NMdyuW$OLguRG8KogyDz7poBxVP9oHuw1lGnJVJfuU3w039XPM=
,0,1,1,0,1,5/1/2023 4:37,66,66,66,pbkdf2_sha256$600000$zXn3Dv4QqNOcBik4NMdyuW$OLguRG8KogyDz7poBxVP9oHuw1lGnJVJfuU3w039XPM=
,0,1,1,0,1,5/1/2023 4:37,67,67,67,pbkdf2_sha256$600000$zXn3Dv4QqNOcBik4NMdyuW$OLguRG8KogyDz7poBxVP9oHuw1lGnJVJfuU3w039XPM=
,0,1,1,0,1,5/1/2023 4:37,68,68,68,pbkdf2_sha256$600000$zXn3Dv4QqNOcBik4NMdyuW$OLguRG8KogyDz7poBxVP9oHuw1lGnJVJfuU3w039XPM=
,0,1,1,0,1,5/1/2023 4:37,69,69,69,pbkdf2_sha256$600000$zXn3Dv4QqNOcBik4NMdyuW$OLguRG8KogyDz7poBxVP9oHuw1lGnJVJfuU3w039XPM=
,0,1,1,0,1,5/1/2023 4:37,70,70,70,pbkdf2_sha256$600000$zXn3Dv4QqNOcBik4NMdyuW$OLguRG8KogyDz7poBxVP9oHuw1lGnJVJfuU3w039XPM=
,0,1,1,0,1,5/1/2023 4:37,71,71,71,pbkdf2_sha256$600000$zXn3Dv4QqNOcBik4NMdyuW$OLguRG8KogyDz7poBxVP9oHuw1lGnJVJfuU3w039XPM=
,0,1,1,0,1,5/1/2023 4:37,72,72,72,pbkdf2_sha256$600000$zXn3Dv4QqNOcBik4NMdyuW$OLguRG8KogyDz7poBxVP9oHuw1lGnJVJfuU3w039XPM=
,0,1,1,0,1,5/1/2023 4:37,73,73,73,pbkdf2_sha256$600000$zXn3Dv4QqNOcBik4NMdyuW$OLguRG8KogyDz7poBxVP9oHuw1lGnJVJfuU3w039XPM=
,0,1,1,0,1,5/1/2023 4:37,74,74,74,pbkdf2_sha256$600000$zXn3Dv4QqNOcBik4NMdyuW$OLguRG8KogyDz7poBxVP9oHuw1lGnJVJfuU3w039XPM=
,0,1,1,0,1,5/1/2023 4:37,75,75,75,pbkdf2_sha256$600000$zXn3Dv4QqNOcBik4NMdyuW$OLguRG8KogyDz7poBxVP9oHuw1lGnJVJfuU3w039XPM=
,0,1,1,0,1,5/1/2023 4:37,76,76,76,pbkdf2_sha256$600000$zXn3Dv4QqNOcBik4NMdyuW$OLguRG8KogyDz7poBxVP9oHuw1lGnJVJfuU3w039XPM=
,0,1,1,0,1,5/1/2023 4:37,77,77,77,pbkdf2_sha256$600000$zXn3Dv4QqNOcBik4NMdyuW$OLguRG8KogyDz7poBxVP9oHuw1lGnJVJfuU3w039XPM=
,0,1,1,0,1,5/1/2023 4:37,78,78,78,pbkdf2_sha256$600000$zXn3Dv4QqNOcBik4NMdyuW$OLguRG8KogyDz7poBxVP9oHuw1lGnJVJfuU3w039XPM=
,0,1,1,0,1,5/1/2023 4:37,79,79,79,pbkdf2_sha256$600000$zXn3Dv4QqNOcBik4NMdyuW$OLguRG8KogyDz7poBxVP9oHuw1lGnJVJfuU3w039XPM=
,0,1,1,0,1,5/1/2023 4:37,80,80,80,pbkdf2_sha256$600000$zXn3Dv4QqNOcBik4NMdyuW$OLguRG8KogyDz7poBxVP9oHuw1lGnJVJfuU3w039XPM=
,0,1,1,0,1,5/1/2023 4:37,81,81,81,pbkdf2_sha256$600000$zXn3Dv4QqNOcBik4NMdyuW$OLguRG8KogyDz7poBxVP9oHuw1lGnJVJfuU3w039XPM=
,0,1,1,0,1,5/1/2023 4:37,82,82,82,pbkdf2_sha256$600000$zXn3Dv4QqNOcBik4NMdyuW$OLguRG8KogyDz7poBxVP9oHuw1lGnJVJfuU3w039XPM=
,0,1,1,0,1,5/1/2023 4:37,83,83,83,pbkdf2_sha256$600000$zXn3Dv4QqNOcBik4NMdyuW$OLguRG8KogyDz7poBxVP9oHuw1lGnJVJfuU3w039XPM=
,0,1,1,0,1,5/1/2023 4:37,84,84,84,pbkdf2_sha256$600000$zXn3Dv4QqNOcBik4NMdyuW$OLguRG8KogyDz7poBxVP9oHuw1lGnJVJfuU3w039XPM=
,0,1,1,0,1,5/1/2023 4:37,85,85,85,pbkdf2_sha256$600000$zXn3Dv4QqNOcBik4NMdyuW$OLguRG8KogyDz7poBxVP9oHuw1lGnJVJfuU3w039XPM=
,0,1,1,0,1,5/1/2023 4:37,86,86,86,pbkdf2_sha256$600000$zXn3Dv4QqNOcBik4NMdyuW$OLguRG8KogyDz7poBxVP9oHuw1lGnJVJfuU3w039XPM=
,0,1,1,0,1,5/1/2023 4:37,87,87,87,pbkdf2_sha256$600000$zXn3Dv4QqNOcBik4NMdyuW$OLguRG8KogyDz7poBxVP9oHuw1lGnJVJfuU3w039XPM=
,0,1,1,0,1,5/1/2023 4:37,88,88,88,pbkdf2_sha256$600000$zXn3Dv4QqNOcBik4NMdyuW$OLguRG8KogyDz7poBxVP9oHuw1lGnJVJfuU3w039XPM=
,0,1,1,0,1,5/1/2023 4:37,89,89,89,pbkdf2_sha256$600000$zXn3Dv4QqNOcBik4NMdyuW$OLguRG8KogyDz7poBxVP9oHuw1lGnJVJfuU3w039XPM=
,0,1,1,0,1,5/1/2023 4:37,90,90,90,pbkdf2_sha256$600000$zXn3Dv4QqNOcBik4NMdyuW$OLguRG8KogyDz7poBxVP9oHuw1lGnJVJfuU3w039XPM=
,0,1,1,0,1,5/1/2023 4:37,91,91,91,pbkdf2_sha256$600000$zXn3Dv4QqNOcBik4NMdyuW$OLguRG8KogyDz7poBxVP9oHuw1lGnJVJfuU3w039XPM=
,0,1,1,0,1,5/1/2023 4:37,92,92,92,pbkdf2_sha256$600000$zXn3Dv4QqNOcBik4NMdyuW$OLguRG8KogyDz7poBxVP9oHuw1lGnJVJfuU3w039XPM=
,0,1,1,0,1,5/1/2023 4:37,93,93,93,pbkdf2_sha256$600000$zXn3Dv4QqNOcBik4NMdyuW$OLguRG8KogyDz7poBxVP9oHuw1lGnJVJfuU3w039XPM=
,0,1,1,0,1,5/1/2023 4:37,94,94,94,pbkdf2_sha256$600000$zXn3Dv4QqNOcBik4NMdyuW$OLguRG8KogyDz7poBxVP9oHuw1lGnJVJfuU3w039XPM=
,0,1,1,0,1,5/1/2023 4:37,95,95,95,pbkdf2_sha256$600000$zXn3Dv4QqNOcBik4NMdyuW$OLguRG8KogyDz7poBxVP9oHuw1lGnJVJfuU3w039XPM=
,0,1,1,0,1,5/1/2023 4:37,96,96,96,pbkdf2_sha256$600000$zXn3Dv4QqNOcBik4NMdyuW$OLguRG8KogyDz7poBxVP9oHuw1lGnJVJfuU3w039XPM=
,0,1,1,0,1,5/1/2023 4:37,97,97,97,pbkdf2_sha256$600000$zXn3Dv4QqNOcBik4NMdyuW$OLguRG8KogyDz7poBxVP9oHuw1lGnJVJfuU3w039XPM=
,0,1,1,0,1,5/1/2023 4:37,98,98,98,pbkdf2_sha256$600000$zXn3Dv4QqNOcBik4NMdyuW$OLguRG8KogyDz7poBxVP9oHuw1lGnJVJfuU3w039XPM=
,0,1,1,0,1,5/1/2023 4:37,99,99,99,pbkdf2_sha256$600000$zXn3Dv4QqNOcBik4NMdyuW$OLguRG8KogyDz7poBxVP9oHuw1lGnJVJfuU3w039XPM=
,0,1,1,0,1,5/1/2023 4:37,100,100,100,pbkdf2_sha256$600000$zXn3Dv4QqNOcBik4NMdyuW$OLguRG8KogyDz7poBxVP9oHuw1lGnJVJfuU3w039XPM=
,0,1,1,0,1,5/1/2023 4:37,101,101,101,pbkdf2_sha256$600000$zXn3Dv4QqNOcBik4NMdyuW$OLguRG8KogyDz7poBxVP9oHuw1lGnJVJfuU3w039XPM=
,0,1,1,0,1,5/1/2023 4:37,102,102,102,pbkdf2_sha256$600000$zXn3Dv4QqNOcBik4NMdyuW$OLguRG8KogyDz7poBxVP9oHuw1lGnJVJfuU3w039XPM=
,0,1,1,0,1,5/1/2023 4:37,103,103,103,pbkdf2_sha256$600000$zXn3Dv4QqNOcBik4NMdyuW$OLguRG8KogyDz7poBxVP9oHuw1lGnJVJfuU3w039XPM=
,0,1,1,0,1,5/1/2023 4:37,104,104,104,pbkdf2_sha256$600000$zXn3Dv4QqNOcBik4NMdyuW$OLguRG8KogyDz7poBxVP9oHuw1lGnJVJfuU3w039XPM=
,0,1,1,0,1,5/1/2023 4:37,105,105,105,pbkdf2_sha256$600000$zXn3Dv4QqNOcBik4NMdyuW$OLguRG8KogyDz7poBxVP9oHuw1lGnJVJfuU3w039XPM=
,0,1,1,0,1,5/1/2023 4:37,106,106,106,pbkdf2_sha256$600000$zXn3Dv4QqNOcBik4NMdyuW$OLguRG8KogyDz7poBxVP9oHuw1lGnJVJfuU3w039XPM=
,0,1,1,0,1,5/1/2023 4:37,107,107,107,pbkdf2_sha256$600000$zXn3Dv4QqNOcBik4NMdyuW$OLguRG8KogyDz7poBxVP9oHuw1lGnJVJfuU3w039XPM=
,0,1,1,0,1,5/1/2023 4:37,108,108,108,pbkdf2_sha256$600000$zXn3Dv4QqNOcBik4NMdyuW$OLguRG8KogyDz7poBxVP9oHuw1lGnJVJfuU3w039XPM=
,0,1,1,0,1,5/1/2023 4:37,109,109,109,pbkdf2_sha256$600000$zXn3Dv4QqNOcBik4NMdyuW$OLguRG8KogyDz7poBxVP9oHuw1lGnJVJfuU3w039XPM=
,0,1,1,0,1,5/1/2023 4:37,110,110,110,pbkdf2_sha256$600000$zXn3Dv4QqNOcBik4NMdyuW$OLguRG8KogyDz7poBxVP9oHuw1lGnJVJfuU3w039XPM=
,0,1,1,0,1,5/1/2023 4:37,111,111,111,pbkdf2_sha256$600000$zXn3Dv4QqNOcBik4NMdyuW$OLguRG8KogyDz7poBxVP9oHuw1lGnJVJfuU3w039XPM=
,0,1,1,0,1,5/1/2023 4:37,112,112,112,pbkdf2_sha256$600000$zXn3Dv4QqNOcBik4NMdyuW$OLguRG8KogyDz7poBxVP9oHuw1lGnJVJfuU3w039XPM=
,0,1,1,0,1,5/1/2023 4:37,113,113,113,pbkdf2_sha256$600000$zXn3Dv4QqNOcBik4NMdyuW$OLguRG8KogyDz7poBxVP9oHuw1lGnJVJfuU3w039XPM=
,0,1,1,0,1,5/1/2023 4:37,114,114,114,pbkdf2_sha256$600000$zXn3Dv4QqNOcBik4NMdyuW$OLguRG8KogyDz7poBxVP9oHuw1lGnJVJfuU3w039XPM=
,0,1,1,0,1,5/1/2023 4:37,115,115,115,pbkdf2_sha256$600000$zXn3Dv4QqNOcBik4NMdyuW$OLguRG8KogyDz7poBxVP9oHuw1lGnJVJfuU3w039XPM=
,0,1,1,0,1,5/1/2023 4:37,116,116,116,pbkdf2_sha256$600000$zXn3Dv4QqNOcBik4NMdyuW$OLguRG8KogyDz7poBxVP9oHuw1lGnJVJfuU3w039XPM=
,0,1,1,0,1,5/1/2023 4:37,117,117,117,pbkdf2_sha256$600000$zXn3Dv4QqNOcBik4NMdyuW$OLguRG8KogyDz7poBxVP9oHuw1lGnJVJfuU3w039XPM=
,0,1,1,0,1,5/1/2023 4:37,118,118,118,pbkdf2_sha256$600000$zXn3Dv4QqNOcBik4NMdyuW$OLguRG8KogyDz7poBxVP9oHuw1lGnJVJfuU3w039XPM=
,0,1,1,0,1,5/1/2023 4:37,119,119,119,pbkdf2_sha256$600000$zXn3Dv4QqNOcBik4NMdyuW$OLguRG8KogyDz7poBxVP9oHuw1lGnJVJfuU3w039XPM=
,0,1,1,0,1,5/1/2023 4:37,120,120,120,pbkdf2_sha256$600000$zXn3Dv4QqNOcBik4NMdyuW$OLguRG8KogyDz7poBxVP9oHuw1lGnJVJfuU3w039XPM=
,0,1,1,0,1,5/1/2023 4:37,121,121,121,pbkdf2_sha256$600000$zXn3Dv4QqNOcBik4NMdyuW$OLguRG8KogyDz7poBxVP9oHuw1lGnJVJfuU3w039XPM=
,0,1,1,0,1,5/1/2023 4:37,122,122,122,pbkdf2_sha256$600000$zXn3Dv4QqNOcBik4NMdyuW$OLguRG8KogyDz7poBxVP9oHuw1lGnJVJfuU3w039XPM=
,0,1,1,0,1,5/1/2023 4:37,123,123,123,pbkdf2_sha256$600000$zXn3Dv4QqNOcBik4NMdyuW$OLguRG8KogyDz7poBxVP9oHuw1lGnJVJfuU3w039XPM=
,0,1,1,0,1,5/1/2023 4:37,124,124,124,pbkdf2_sha256$600000$zXn3Dv4QqNOcBik4NMdyuW$OLguRG8KogyDz7poBxVP9oHuw1lGnJVJfuU3w039XPM=
,0,1,1,0,1,5/1/2023 4:37,125,125,125,pbkdf2_sha256$600000$zXn3Dv4QqNOcBik4NMdyuW$OLguRG8KogyDz7poBxVP9oHuw1lGnJVJfuU3w039XPM=
,0,1,1,0,1,5/1/2023 4:37,126,126,126,pbkdf2_sha256$600000$zXn3Dv4QqNOcBik4NMdyuW$OLguRG8KogyDz7poBxVP9oHuw1lGnJVJfuU3w039XPM=
,0,1,1,0,1,5/1/2023 4:37,127,127,127,pbkdf2_sha256$600000$zXn3Dv4QqNOcBik4NMdyuW$OLguRG8KogyDz7poBxVP9oHuw1lGnJVJfuU3w039XPM=
,0,1,1,0,1,5/1/2023 4:37,128,128,128,pbkdf2_sha256$600000$zXn3Dv4QqNOcBik4NMdyuW$OLguRG8KogyDz7poBxVP9oHuw1lGnJVJfuU3w039XPM=
,0,1,1,0,1,5/1/2023 4:37,129,129,129,pbkdf2_sha256$600000$zXn3Dv4QqNOcBik4NMdyuW$OLguRG8KogyDz7poBxVP9oHuw1lGnJVJfuU3w039XPM=
,0,1,1,0,1,5/1/2023 4:37,130,130,130,pbkdf2_sha256$600000$zXn3Dv4QqNOcBik4NMdyuW$OLguRG8KogyDz7poBxVP9oHuw1lGnJVJfuU3w039XPM=
,0,1,1,0,1,5/1/2023 4:37,131,131,131,pbkdf2_sha256$600000$zXn3Dv4QqNOcBik4NMdyuW$OLguRG8KogyDz7poBxVP9oHuw1lGnJVJfuU3w039XPM=
,0,1,1,0,1,5/1/2023 4:37,132,132,132,pbkdf2_sha256$600000$zXn3Dv4QqNOcBik4NMdyuW$OLguRG8KogyDz7poBxVP9oHuw1lGnJVJfuU3w039XPM=
,0,1,1,0,1,5/1/2023 4:37,133,133,133,pbkdf2_sha256$600000$zXn3Dv4QqNOcBik4NMdyuW$OLguRG8KogyDz7poBxVP9oHuw1lGnJVJfuU3w039XPM=
,0,1,1,0,1,5/1/2023 4:37,134,134,134,pbkdf2_sha256$600000$zXn3Dv4QqNOcBik4NMdyuW$OLguRG8KogyDz7poBxVP9oHuw1lGnJVJfuU3w039XPM=
,0,1,1,0,1,5/1/2023 4:37,135,135,135,pbkdf2_sha256$600000$zXn3Dv4QqNOcBik4NMdyuW$OLguRG8KogyDz7poBxVP9oHuw1lGnJVJfuU3w039XPM=
,0,1,1,0,1,5/1/2023 4:37,136,136,136,pbkdf2_sha256$600000$zXn3Dv4QqNOcBik4NMdyuW$OLguRG8KogyDz7poBxVP9oHuw1lGnJVJfuU3w039XPM=
,0,1,1,0,1,5/1/2023 4:37,137,137,137,pbkdf2_sha256$600000$zXn3Dv4QqNOcBik4NMdyuW$OLguRG8KogyDz7poBxVP9oHuw1lGnJVJfuU3w039XPM=
,0,1,1,0,1,5/1/2023 4:37,138,138,138,pbkdf2_sha256$600000$zXn3Dv4QqNOcBik4NMdyuW$OLguRG8KogyDz7poBxVP9oHuw1lGnJVJfuU3w039XPM=
,0,1,1,0,1,5/1/2023 4:37,139,139,139,pbkdf2_sha256$600000$zXn3Dv4QqNOcBik4NMdyuW$OLguRG8KogyDz7poBxVP9oHuw1lGnJVJfuU3w039XPM=
,0,1,1,0,1,5/1/2023 4:37,140,140,140,pbkdf2_sha256$600000$zXn3Dv4QqNOcBik4NMdyuW$OLguRG8KogyDz7poBxVP9oHuw1lGnJVJfuU3w039XPM=
,0,1,1,0,1,5/1/2023 4:37,141,141,141,pbkdf2_sha256$600000$zXn3Dv4QqNOcBik4NMdyuW$OLguRG8KogyDz7poBxVP9oHuw1lGnJVJfuU3w039XPM=
,0,1,1,0,1,5/1/2023 4:37,142,142,142,pbkdf2_sha256$600000$zXn3Dv4QqNOcBik4NMdyuW$OLguRG8KogyDz7poBxVP9oHuw1lGnJVJfuU3w039XPM=
,0,1,1,0,1,5/1/2023 4:37,143,143,143,pbkdf2_sha256$600000$zXn3Dv4QqNOcBik4NMdyuW$OLguRG8KogyDz7poBxVP9oHuw1lGnJVJfuU3w039XPM=
,0,1,1,0,1,5/1/2023 4:37,144,144,144,pbkdf2_sha256$600000$zXn3Dv4QqNOcBik4NMdyuW$OLguRG8KogyDz7poBxVP9oHuw1lGnJVJfuU3w039XPM=
,0,1,1,0,1,5/1/2023 4:37,145,145,145,pbkdf2_sha256$600000$zXn3Dv4QqNOcBik4NMdyuW$OLguRG8KogyDz7poBxVP9oHuw1lGnJVJfuU3w039XPM=
,0,1,1,0,1,5/1/2023 4:37,146,146,146,pbkdf2_sha256$600000$zXn3Dv4QqNOcBik4NMdyuW$OLguRG8KogyDz7poBxVP9oHuw1lGnJVJfuU3w039XPM=
,0,1,1,0,1,5/1/2023 4:37,147,147,147,pbkdf2_sha256$600000$zXn3Dv4QqNOcBik4NMdyuW$OLguRG8KogyDz7poBxVP9oHuw1lGnJVJfuU3w039XPM=
,0,1,1,0,1,5/1/2023 4:37,148,148,148,pbkdf2_sha256$600000$zXn3Dv4QqNOcBik4NMdyuW$OLguRG8KogyDz7poBxVP9oHuw1lGnJVJfuU3w039XPM=
,0,1,1,0,1,5/1/2023 4:37,149,149,149,pbkdf2_sha256$600000$zXn3Dv4QqNOcBik4NMdyuW$OLguRG8KogyDz7poBxVP9oHuw1lGnJVJfuU3w039XPM=
,0,1,1,0,1,5/1/2023 4:37,150,150,150,pbkdf2_sha256$600000$zXn3Dv4QqNOcBik4NMdyuW$OLguRG8KogyDz7poBxVP9oHuw1lGnJVJfuU3w039XPM=
,0,1,1,0,1,5/1/2023 4:37,151,151,151,pbkdf2_sha256$600000$zXn3Dv4QqNOcBik4NMdyuW$OLguRG8KogyDz7poBxVP9oHuw1lGnJVJfuU3w039XPM=
,0,1,1,0,1,5/1/2023 4:37,152,152,152,pbkdf2_sha256$600000$zXn3Dv4QqNOcBik4NMdyuW$OLguRG8KogyDz7poBxVP9oHuw1lGnJVJfuU3w039XPM=
,0,1,1,0,1,5/1/2023 4:37,153,153,153,pbkdf2_sha256$600000$zXn3Dv4QqNOcBik4NMdyuW$OLguRG8KogyDz7poBxVP9oHuw1lGnJVJfuU3w039XPM=
,0,1,1,0,1,5/1/2023 4:37,154,154,154,pbkdf2_sha256$600000$zXn3Dv4QqNOcBik4NMdyuW$OLguRG8KogyDz7poBxVP9oHuw1lGnJVJfuU3w039XPM=
,0,1,1,0,1,5/1/2023 4:37,155,155,155,pbkdf2_sha256$600000$zXn3Dv4QqNOcBik4NMdyuW$OLguRG8KogyDz7poBxVP9oHuw1lGnJVJfuU3w039XPM=
,0,1,1,0,1,5/1/2023 4:37,156,156,156,pbkdf2_sha256$600000$zXn3Dv4QqNOcBik4NMdyuW$OLguRG8KogyDz7poBxVP9oHuw1lGnJVJfuU3w039XPM=
,0,1,1,0,1,5/1/2023 4:37,157,157,157,pbkdf2_sha256$600000$zXn3Dv4QqNOcBik4NMdyuW$OLguRG8KogyDz7poBxVP9oHuw1lGnJVJfuU3w039XPM=
,0,1,1,0,1,5/1/2023 4:37,158,158,158,pbkdf2_sha256$600000$zXn3Dv4QqNOcBik4NMdyuW$OLguRG8KogyDz7poBxVP9oHuw1lGnJVJfuU3w039XPM=
,0,1,1,0,1,5/1/2023 4:37,159,159,159,pbkdf2_sha256$600000$zXn3Dv4QqNOcBik4NMdyuW$OLguRG8KogyDz7poBxVP9oHuw1lGnJVJfuU3w039XPM=
,0,1,1,0,1,5/1/2023 4:37,160,160,160,pbkdf2_sha256$600000$zXn3Dv4QqNOcBik4NMdyuW$OLguRG8KogyDz7poBxVP9oHuw1lGnJVJfuU3w039XPM=
,0,1,1,0,1,5/1/2023 4:37,161,161,161,pbkdf2_sha256$600000$zXn3Dv4QqNOcBik4NMdyuW$OLguRG8KogyDz7poBxVP9oHuw1lGnJVJfuU3w039XPM=
,0,1,1,0,1,5/1/2023 4:37,162,162,162,pbkdf2_sha256$600000$zXn3Dv4QqNOcBik4NMdyuW$OLguRG8KogyDz7poBxVP9oHuw1lGnJVJfuU3w039XPM=
,0,1,1,0,1,5/1/2023 4:37,163,163,163,pbkdf2_sha256$600000$zXn3Dv4QqNOcBik4NMdyuW$OLguRG8KogyDz7poBxVP9oHuw1lGnJVJfuU3w039XPM=
,0,1,1,0,1,5/1/2023 4:37,164,164,164,pbkdf2_sha256$600000$zXn3Dv4QqNOcBik4NMdyuW$OLguRG8KogyDz7poBxVP9oHuw1lGnJVJfuU3w039XPM=
,0,1,1,0,1,5/1/2023 4:37,165,165,165,pbkdf2_sha256$600000$zXn3Dv4QqNOcBik4NMdyuW$OLguRG8KogyDz7poBxVP9oHuw1lGnJVJfuU3w039XPM=
,0,1,1,0,1,5/1/2023 4:37,166,166,166,pbkdf2_sha256$600000$zXn3Dv4QqNOcBik4NMdyuW$OLguRG8KogyDz7poBxVP9oHuw1lGnJVJfuU3w039XPM=
,0,1,1,0,1,5/1/2023 4:37,167,167,167,pbkdf2_sha256$600000$zXn3Dv4QqNOcBik4NMdyuW$OLguRG8KogyDz7poBxVP9oHuw1lGnJVJfuU3w039XPM=
,0,1,1,0,1,5/1/2023 4:37,168,168,168,pbkdf2_sha256$600000$zXn3Dv4QqNOcBik4NMdyuW$OLguRG8KogyDz7poBxVP9oHuw1lGnJVJfuU3w039XPM=
,0,1,1,0,1,5/1/2023 4:37,169,169,169,pbkdf2_sha256$600000$zXn3Dv4QqNOcBik4NMdyuW$OLguRG8KogyDz7poBxVP9oHuw1lGnJVJfuU3w039XPM=
,0,1,1,0,1,5/1/2023 4:37,170,170,170,pbkdf2_sha256$600000$zXn3Dv4QqNOcBik4NMdyuW$OLguRG8KogyDz7poBxVP9oHuw1lGnJVJfuU3w039XPM=
,0,1,1,0,1,5/1/2023 4:37,171,171,171,pbkdf2_sha256$600000$zXn3Dv4QqNOcBik4NMdyuW$OLguRG8KogyDz7poBxVP9oHuw1lGnJVJfuU3w039XPM=
,0,1,1,0,1,5/1/2023 4:37,172,172,172,pbkdf2_sha256$600000$zXn3Dv4QqNOcBik4NMdyuW$OLguRG8KogyDz7poBxVP9oHuw1lGnJVJfuU3w039XPM=
,0,1,1,0,1,5/1/2023 4:37,173,173,173,pbkdf2_sha256$600000$zXn3Dv4QqNOcBik4NMdyuW$OLguRG8KogyDz7poBxVP9oHuw1lGnJVJfuU3w039XPM=
,0,1,1,0,1,5/1/2023 4:37,174,174,174,pbkdf2_sha256$600000$zXn3Dv4QqNOcBik4NMdyuW$OLguRG8KogyDz7poBxVP9oHuw1lGnJVJfuU3w039XPM=
,0,1,1,0,1,5/1/2023 4:37,175,175,175,pbkdf2_sha256$600000$zXn3Dv4QqNOcBik4NMdyuW$OLguRG8KogyDz7poBxVP9oHuw1lGnJVJfuU3w039XPM=
,0,1,1,0,1,5/1/2023 4:37,176,176,176,pbkdf2_sha256$600000$zXn3Dv4QqNOcBik4NMdyuW$OLguRG8KogyDz7poBxVP9oHuw1lGnJVJfuU3w039XPM=
,0,1,1,0,1,5/1/2023 4:37,177,177,177,pbkdf2_sha256$600000$zXn3Dv4QqNOcBik4NMdyuW$OLguRG8KogyDz7poBxVP9oHuw1lGnJVJfuU3w039XPM=
,0,1,1,0,1,5/1/2023 4:37,178,178,178,pbkdf2_sha256$600000$zXn3Dv4QqNOcBik4NMdyuW$OLguRG8KogyDz7poBxVP9oHuw1lGnJVJfuU3w039XPM=
,0,1,1,0,1,5/1/2023 4:37,179,179,179,pbkdf2_sha256$600000$zXn3Dv4QqNOcBik4NMdyuW$OLguRG8KogyDz7poBxVP9oHuw1lGnJVJfuU3w039XPM=
,0,1,1,0,1,5/1/2023 4:37,180,180,180,pbkdf2_sha256$600000$zXn3Dv4QqNOcBik4NMdyuW$OLguRG8KogyDz7poBxVP9oHuw1lGnJVJfuU3w039XPM=
,0,1,1,0,1,5/1/2023 4:37,181,181,181,pbkdf2_sha256$600000$zXn3Dv4QqNOcBik4NMdyuW$OLguRG8KogyDz7poBxVP9oHuw1lGnJVJfuU3w039XPM=
,0,1,1,0,1,5/1/2023 4:37,182,182,182,pbkdf2_sha256$600000$zXn3Dv4QqNOcBik4NMdyuW$OLguRG8KogyDz7poBxVP9oHuw1lGnJVJfuU3w039XPM=
,0,1,1,0,1,5/1/2023 4:37,183,183,183,pbkdf2_sha256$600000$zXn3Dv4QqNOcBik4NMdyuW$OLguRG8KogyDz7poBxVP9oHuw1lGnJVJfuU3w039XPM=
,0,1,1,0,1,5/1/2023 4:37,184,184,184,pbkdf2_sha256$600000$zXn3Dv4QqNOcBik4NMdyuW$OLguRG8KogyDz7poBxVP9oHuw1lGnJVJfuU3w039XPM=
,0,1,1,0,1,5/1/2023 4:37,185,185,185,pbkdf2_sha256$600000$zXn3Dv4QqNOcBik4NMdyuW$OLguRG8KogyDz7poBxVP9oHuw1lGnJVJfuU3w039XPM=
,0,1,1,0,1,5/1/2023 4:37,186,186,186,pbkdf2_sha256$600000$zXn3Dv4QqNOcBik4NMdyuW$OLguRG8KogyDz7poBxVP9oHuw1lGnJVJfuU3w039XPM=
,0,1,1,0,1,5/1/2023 4:37,187,187,187,pbkdf2_sha256$600000$zXn3Dv4QqNOcBik4NMdyuW$OLguRG8KogyDz7poBxVP9oHuw1lGnJVJfuU3w039XPM=
,0,1,1,0,1,5/1/2023 4:37,188,188,188,pbkdf2_sha256$600000$zXn3Dv4QqNOcBik4NMdyuW$OLguRG8KogyDz7poBxVP9oHuw1lGnJVJfuU3w039XPM=
,0,1,1,0,1,5/1/2023 4:37,189,189,189,pbkdf2_sha256$600000$zXn3Dv4QqNOcBik4NMdyuW$OLguRG8KogyDz7poBxVP9oHuw1lGnJVJfuU3w039XPM=
,0,1,1,0,1,5/1/2023 4:37,190,190,190,pbkdf2_sha256$600000$zXn3Dv4QqNOcBik4NMdyuW$OLguRG8KogyDz7poBxVP9oHuw1lGnJVJfuU3w039XPM=
,0,1,1,0,1,5/1/2023 4:37,191,191,191,pbkdf2_sha256$600000$zXn3Dv4QqNOcBik4NMdyuW$OLguRG8KogyDz7poBxVP9oHuw1lGnJVJfuU3w039XPM=
,0,1,1,0,1,5/1/2023 4:37,192,192,192,pbkdf2_sha256$600000$zXn3Dv4QqNOcBik4NMdyuW$OLguRG8KogyDz7poBxVP9oHuw1lGnJVJfuU3w039XPM=
,0,1,1,0,1,5/1/2023 4:37,193,193,193,pbkdf2_sha256$600000$zXn3Dv4QqNOcBik4NMdyuW$OLguRG8KogyDz7poBxVP9oHuw1lGnJVJfuU3w039XPM=
,0,1,1,0,1,5/1/2023 4:37,194,194,194,pbkdf2_sha256$600000$zXn3Dv4QqNOcBik4NMdyuW$OLguRG8KogyDz7poBxVP9oHuw1lGnJVJfuU3w039XPM=
,0,1,1,0,1,5/1/2023 4:37,195,195,195,pbkdf2_sha256$600000$zXn3Dv4QqNOcBik4NMdyuW$OLguRG8KogyDz7poBxVP9oHuw1lGnJVJfuU3w039XPM=
,0,1,1,0,1,5/1/2023 4:37,196,196,196,pbkdf2_sha256$600000$zXn3Dv4QqNOcBik4NMdyuW$OLguRG8KogyDz7poBxVP9oHuw1lGnJVJfuU3w039XPM=
,0,1,1,0,1,5/1/2023 4:37,197,197,197,pbkdf2_sha256$600000$zXn3Dv4QqNOcBik4NMdyuW$OLguRG8KogyDz7poBxVP9oHuw1lGnJVJfuU3w039XPM=
,0,1,1,0,1,5/1/2023 4:37,198,198,198,pbkdf2_sha256$600000$zXn3Dv4QqNOcBik4NMdyuW$OLguRG8KogyDz7poBxVP9oHuw1lGnJVJfuU3w039XPM=
,0,1,1,0,1,5/1/2023 4:37,199,199,199,pbkdf2_sha256$600000$zXn3Dv4QqNOcBik4NMdyuW$OLguRG8KogyDz7poBxVP9oHuw1lGnJVJfuU3w039XPM=
,0,1,1,0,1,5/1/2023 4:37,200,200,200,pbkdf2_sha256$600000$zXn3Dv4QqNOcBik4NMdyuW$OLguRG8KogyDz7poBxVP9oHuw1lGnJVJfuU3w039XPM=
,0,1,1,0,1,5/1/2023 4:37,201,201,201,pbkdf2_sha256$600000$zXn3Dv4QqNOcBik4NMdyuW$OLguRG8KogyDz7poBxVP9oHuw1lGnJVJfuU3w039XPM=
,0,1,1,0,1,5/1/2023 4:37,202,202,202,pbkdf2_sha256$600000$zXn3Dv4QqNOcBik4NMdyuW$OLguRG8KogyDz7poBxVP9oHuw1lGnJVJfuU3w039XPM=
,0,1,1,0,1,5/1/2023 4:37,203,203,203,pbkdf2_sha256$600000$zXn3Dv4QqNOcBik4NMdyuW$OLguRG8KogyDz7poBxVP9oHuw1lGnJVJfuU3w039XPM=
,0,1,1,0,1,5/1/2023 4:37,204,204,204,pbkdf2_sha256$600000$zXn3Dv4QqNOcBik4NMdyuW$OLguRG8KogyDz7poBxVP9oHuw1lGnJVJfuU3w039XPM=
,0,1,1,0,1,5/1/2023 4:37,205,205,205,pbkdf2_sha256$600000$zXn3Dv4QqNOcBik4NMdyuW$OLguRG8KogyDz7poBxVP9oHuw1lGnJVJfuU3w039XPM=
,0,1,1,0,1,5/1/2023 4:37,206,206,206,pbkdf2_sha256$600000$zXn3Dv4QqNOcBik4NMdyuW$OLguRG8KogyDz7poBxVP9oHuw1lGnJVJfuU3w039XPM=
,0,1,1,0,1,5/1/2023 4:37,207,207,207,pbkdf2_sha256$600000$zXn3Dv4QqNOcBik4NMdyuW$OLguRG8KogyDz7poBxVP9oHuw1lGnJVJfuU3w039XPM=
,0,1,1,0,1,5/1/2023 4:37,208,208,208,pbkdf2_sha256$600000$zXn3Dv4QqNOcBik4NMdyuW$OLguRG8KogyDz7poBxVP9oHuw1lGnJVJfuU3w039XPM=
,0,1,1,0,1,5/1/2023 4:37,209,209,209,pbkdf2_sha256$600000$zXn3Dv4QqNOcBik4NMdyuW$OLguRG8KogyDz7poBxVP9oHuw1lGnJVJfuU3w039XPM=
,0,1,1,0,1,5/1/2023 4:37,210,210,210,pbkdf2_sha256$600000$zXn3Dv4QqNOcBik4NMdyuW$OLguRG8KogyDz7poBxVP9oHuw1lGnJVJfuU3w039XPM=
,0,1,1,0,1,5/1/2023 4:37,211,211,211,pbkdf2_sha256$600000$zXn3Dv4QqNOcBik4NMdyuW$OLguRG8KogyDz7poBxVP9oHuw1lGnJVJfuU3w039XPM=
,0,1,1,0,1,5/1/2023 4:37,212,212,212,pbkdf2_sha256$600000$zXn3Dv4QqNOcBik4NMdyuW$OLguRG8KogyDz7poBxVP9oHuw1lGnJVJfuU3w039XPM=
,0,1,1,0,1,5/1/2023 4:37,213,213,213,pbkdf2_sha256$600000$zXn3Dv4QqNOcBik4NMdyuW$OLguRG8KogyDz7poBxVP9oHuw1lGnJVJfuU3w039XPM=
,0,1,1,0,1,5/1/2023 4:37,214,214,214,pbkdf2_sha256$600000$zXn3Dv4QqNOcBik4NMdyuW$OLguRG8KogyDz7poBxVP9oHuw1lGnJVJfuU3w039XPM=
,0,1,1,0,1,5/1/2023 4:37,215,215,215,pbkdf2_sha256$600000$zXn3Dv4QqNOcBik4NMdyuW$OLguRG8KogyDz7poBxVP9oHuw1lGnJVJfuU3w039XPM=
,0,1,1,0,1,5/1/2023 4:37,216,216,216,pbkdf2_sha256$600000$zXn3Dv4QqNOcBik4NMdyuW$OLguRG8KogyDz7poBxVP9oHuw1lGnJVJfuU3w039XPM=
,0,1,1,0,1,5/1/2023 4:37,217,217,217,pbkdf2_sha256$600000$zXn3Dv4QqNOcBik4NMdyuW$OLguRG8KogyDz7poBxVP9oHuw1lGnJVJfuU3w039XPM=
,0,1,1,0,1,5/1/2023 4:37,218,218,218,pbkdf2_sha256$600000$zXn3Dv4QqNOcBik4NMdyuW$OLguRG8KogyDz7poBxVP9oHuw1lGnJVJfuU3w039XPM=
,0,1,1,0,1,5/1/2023 4:37,219,219,219,pbkdf2_sha256$600000$zXn3Dv4QqNOcBik4NMdyuW$OLguRG8KogyDz7poBxVP9oHuw1lGnJVJfuU3w039XPM=
,0,1,1,0,1,5/1/2023 4:37,220,220,220,pbkdf2_sha256$600000$zXn3Dv4QqNOcBik4NMdyuW$OLguRG8KogyDz7poBxVP9oHuw1lGnJVJfuU3w039XPM=
,0,1,1,0,1,5/1/2023 4:37,221,221,221,pbkdf2_sha256$600000$zXn3Dv4QqNOcBik4NMdyuW$OLguRG8KogyDz7poBxVP9oHuw1lGnJVJfuU3w039XPM=
,0,1,1,0,1,5/1/2023 4:37,222,222,222,pbkdf2_sha256$600000$zXn3Dv4QqNOcBik4NMdyuW$OLguRG8KogyDz7poBxVP9oHuw1lGnJVJfuU3w039XPM=
,0,1,1,0,1,5/1/2023 4:37,223,223,223,pbkdf2_sha256$600000$zXn3Dv4QqNOcBik4NMdyuW$OLguRG8KogyDz7poBxVP9oHuw1lGnJVJfuU3w039XPM=
,0,1,1,0,1,5/1/2023 4:37,224,224,224,pbkdf2_sha256$600000$zXn3Dv4QqNOcBik4NMdyuW$OLguRG8KogyDz7poBxVP9oHuw1lGnJVJfuU3w039XPM=
,0,1,1,0,1,5/1/2023 4:37,225,225,225,pbkdf2_sha256$600000$zXn3Dv4QqNOcBik4NMdyuW$OLguRG8KogyDz7poBxVP9oHuw1lGnJVJfuU3w039XPM=
,0,1,1,0,1,5/1/2023 4:37,226,226,226,pbkdf2_sha256$600000$zXn3Dv4QqNOcBik4NMdyuW$OLguRG8KogyDz7poBxVP9oHuw1lGnJVJfuU3w039XPM=
,0,1,1,0,1,5/1/2023 4:37,227,227,227,pbkdf2_sha256$600000$zXn3Dv4QqNOcBik4NMdyuW$OLguRG8KogyDz7poBxVP9oHuw1lGnJVJfuU3w039XPM=
,0,1,1,0,1,5/1/2023 4:37,228,228,228,pbkdf2_sha256$600000$zXn3Dv4QqNOcBik4NMdyuW$OLguRG8KogyDz7poBxVP9oHuw1lGnJVJfuU3w039XPM=
,0,1,1,0,1,5/1/2023 4:37,229,229,229,pbkdf2_sha256$600000$zXn3Dv4QqNOcBik4NMdyuW$OLguRG8KogyDz7poBxVP9oHuw1lGnJVJfuU3w039XPM=
,0,1,1,0,1,5/1/2023 4:37,230,230,230,pbkdf2_sha256$600000$zXn3Dv4QqNOcBik4NMdyuW$OLguRG8KogyDz7poBxVP9oHuw1lGnJVJfuU3w039XPM=
,0,1,1,0,1,5/1/2023 4:37,231,231,231,pbkdf2_sha256$600000$zXn3Dv4QqNOcBik4NMdyuW$OLguRG8KogyDz7poBxVP9oHuw1lGnJVJfuU3w039XPM=
,0,1,1,0,1,5/1/2023 4:37,232,232,232,pbkdf2_sha256$600000$zXn3Dv4QqNOcBik4NMdyuW$OLguRG8KogyDz7poBxVP9oHuw1lGnJVJfuU3w039XPM=
,0,1,1,0,1,5/1/2023 4:37,233,233,233,pbkdf2_sha256$600000$zXn3Dv4QqNOcBik4NMdyuW$OLguRG8KogyDz7poBxVP9oHuw1lGnJVJfuU3w039XPM=
,0,1,1,0,1,5/1/2023 4:37,234,234,234,pbkdf2_sha256$600000$zXn3Dv4QqNOcBik4NMdyuW$OLguRG8KogyDz7poBxVP9oHuw1lGnJVJfuU3w039XPM=
,0,1,1,0,1,5/1/2023 4:37,235,235,235,pbkdf2_sha256$600000$zXn3Dv4QqNOcBik4NMdyuW$OLguRG8KogyDz7poBxVP9oHuw1lGnJVJfuU3w039XPM=
,0,1,1,0,1,5/1/2023 4:37,236,236,236,pbkdf2_sha256$600000$zXn3Dv4QqNOcBik4NMdyuW$OLguRG8KogyDz7poBxVP9oHuw1lGnJVJfuU3w039XPM=
,0,1,1,0,1,5/1/2023 4:37,237,237,237,pbkdf2_sha256$600000$zXn3Dv4QqNOcBik4NMdyuW$OLguRG8KogyDz7poBxVP9oHuw1lGnJVJfuU3w039XPM=
,0,1,1,0,1,5/1/2023 4:37,238,238,238,pbkdf2_sha256$600000$zXn3Dv4QqNOcBik4NMdyuW$OLguRG8KogyDz7poBxVP9oHuw1lGnJVJfuU3w039XPM=
,0,1,1,0,1,5/1/2023 4:37,239,239,239,pbkdf2_sha256$600000$zXn3Dv4QqNOcBik4NMdyuW$OLguRG8KogyDz7poBxVP9oHuw1lGnJVJfuU3w039XPM=
,0,1,1,0,1,5/1/2023 4:37,240,240,240,pbkdf2_sha256$600000$zXn3Dv4QqNOcBik4NMdyuW$OLguRG8KogyDz7poBxVP9oHuw1lGnJVJfuU3w039XPM=
,0,1,1,0,1,5/1/2023 4:37,241,241,241,pbkdf2_sha256$600000$zXn3Dv4QqNOcBik4NMdyuW$OLguRG8KogyDz7poBxVP9oHuw1lGnJVJfuU3w039XPM=
,0,1,1,0,1,5/1/2023 4:37,242,242,242,pbkdf2_sha256$600000$zXn3Dv4QqNOcBik4NMdyuW$OLguRG8KogyDz7poBxVP9oHuw1lGnJVJfuU3w039XPM=
,0,1,1,0,1,5/1/2023 4:37,243,243,243,pbkdf2_sha256$600000$zXn3Dv4QqNOcBik4NMdyuW$OLguRG8KogyDz7poBxVP9oHuw1lGnJVJfuU3w039XPM=
,0,1,1,0,1,5/1/2023 4:37,244,244,244,pbkdf2_sha256$600000$zXn3Dv4QqNOcBik4NMdyuW$OLguRG8KogyDz7poBxVP9oHuw1lGnJVJfuU3w039XPM=
,0,1,1,0,1,5/1/2023 4:37,245,245,245,pbkdf2_sha256$600000$zXn3Dv4QqNOcBik4NMdyuW$OLguRG8KogyDz7poBxVP9oHuw1lGnJVJfuU3w039XPM=
,0,1,1,0,1,5/1/2023 4:37,246,246,246,pbkdf2_sha256$600000$zXn3Dv4QqNOcBik4NMdyuW$OLguRG8KogyDz7poBxVP9oHuw1lGnJVJfuU3w039XPM=
,0,1,1,0,1,5/1/2023 4:37,247,247,247,pbkdf2_sha256$600000$zXn3Dv4QqNOcBik4NMdyuW$OLguRG8KogyDz7poBxVP9oHuw1lGnJVJfuU3w039XPM=
,0,1,1,0,1,5/1/2023 4:37,248,248,248,pbkdf2_sha256$600000$zXn3Dv4QqNOcBik4NMdyuW$OLguRG8KogyDz7poBxVP9oHuw1lGnJVJfuU3w039XPM=
,0,1,1,0,1,5/1/2023 4:37,249,249,249,pbkdf2_sha256$600000$zXn3Dv4QqNOcBik4NMdyuW$OLguRG8KogyDz7poBxVP9oHuw1lGnJVJfuU3w039XPM=
,0,1,1,0,1,5/1/2023 4:37,250,250,250,pbkdf2_sha256$600000$zXn3Dv4QqNOcBik4NMdyuW$OLguRG8KogyDz7poBxVP9oHuw1lGnJVJfuU3w039XPM=
,0,1,1,0,1,5/1/2023 4:37,251,251,251,pbkdf2_sha256$600000$zXn3Dv4QqNOcBik4NMdyuW$OLguRG8KogyDz7poBxVP9oHuw1lGnJVJfuU3w039XPM=
,0,1,1,0,1,5/1/2023 4:37,252,252,252,pbkdf2_sha256$600000$zXn3Dv4QqNOcBik4NMdyuW$OLguRG8KogyDz7poBxVP9oHuw1lGnJVJfuU3w039XPM=
,0,1,1,0,1,5/1/2023 4:37,253,253,253,pbkdf2_sha256$600000$zXn3Dv4QqNOcBik4NMdyuW$OLguRG8KogyDz7poBxVP9oHuw1lGnJVJfuU3w039XPM=
,0,1,1,0,1,5/1/2023 4:37,254,254,254,pbkdf2_sha256$600000$zXn3Dv4QqNOcBik4NMdyuW$OLguRG8KogyDz7poBxVP9oHuw1lGnJVJfuU3w039XPM=
,0,1,1,0,1,5/1/2023 4:37,255,255,255,pbkdf2_sha256$600000$zXn3Dv4QqNOcBik4NMdyuW$OLguRG8KogyDz7poBxVP9oHuw1lGnJVJfuU3w039XPM=
,0,1,1,0,1,5/1/2023 4:37,256,256,256,pbkdf2_sha256$600000$zXn3Dv4QqNOcBik4NMdyuW$OLguRG8KogyDz7poBxVP9oHuw1lGnJVJfuU3w039XPM=
,0,1,1,0,1,5/1/2023 4:37,257,257,257,pbkdf2_sha256$600000$zXn3Dv4QqNOcBik4NMdyuW$OLguRG8KogyDz7poBxVP9oHuw1lGnJVJfuU3w039XPM=
,0,1,1,0,1,5/1/2023 4:37,258,258,258,pbkdf2_sha256$600000$zXn3Dv4QqNOcBik4NMdyuW$OLguRG8KogyDz7poBxVP9oHuw1lGnJVJfuU3w039XPM=
,0,1,1,0,1,5/1/2023 4:37,259,259,259,pbkdf2_sha256$600000$zXn3Dv4QqNOcBik4NMdyuW$OLguRG8KogyDz7poBxVP9oHuw1lGnJVJfuU3w039XPM=
,0,1,1,0,1,5/1/2023 4:37,260,260,260,pbkdf2_sha256$600000$zXn3Dv4QqNOcBik4NMdyuW$OLguRG8KogyDz7poBxVP9oHuw1lGnJVJfuU3w039XPM=
,0,1,1,0,1,5/1/2023 4:37,261,261,261,pbkdf2_sha256$600000$zXn3Dv4QqNOcBik4NMdyuW$OLguRG8KogyDz7poBxVP9oHuw1lGnJVJfuU3w039XPM=
,0,1,1,0,1,5/1/2023 4:37,262,262,262,pbkdf2_sha256$600000$zXn3Dv4QqNOcBik4NMdyuW$OLguRG8KogyDz7poBxVP9oHuw1lGnJVJfuU3w039XPM=
,0,1,1,0,1,5/1/2023 4:37,263,263,263,pbkdf2_sha256$600000$zXn3Dv4QqNOcBik4NMdyuW$OLguRG8KogyDz7poBxVP9oHuw1lGnJVJfuU3w039XPM=
,0,1,1,0,1,5/1/2023 4:37,264,264,264,pbkdf2_sha256$600000$zXn3Dv4QqNOcBik4NMdyuW$OLguRG8KogyDz7poBxVP9oHuw1lGnJVJfuU3w039XPM=
,0,1,1,0,1,5/1/2023 4:37,265,265,265,pbkdf2_sha256$600000$zXn3Dv4QqNOcBik4NMdyuW$OLguRG8KogyDz7poBxVP9oHuw1lGnJVJfuU3w039XPM=
,0,1,1,0,1,5/1/2023 4:37,266,266,266,pbkdf2_sha256$600000$zXn3Dv4QqNOcBik4NMdyuW$OLguRG8KogyDz7poBxVP9oHuw1lGnJVJfuU3w039XPM=
,0,1,1,0,1,5/1/2023 4:37,267,267,267,pbkdf2_sha256$600000$zXn3Dv4QqNOcBik4NMdyuW$OLguRG8KogyDz7poBxVP9oHuw1lGnJVJfuU3w039XPM=
,0,1,1,0,1,5/1/2023 4:37,268,268,268,pbkdf2_sha256$600000$zXn3Dv4QqNOcBik4NMdyuW$OLguRG8KogyDz7poBxVP9oHuw1lGnJVJfuU3w039XPM=
,0,1,1,0,1,5/1/2023 4:37,269,269,269,pbkdf2_sha256$600000$zXn3Dv4QqNOcBik4NMdyuW$OLguRG8KogyDz7poBxVP9oHuw1lGnJVJfuU3w039XPM=
,0,1,1,0,1,5/1/2023 4:37,270,270,270,pbkdf2_sha256$600000$zXn3Dv4QqNOcBik4NMdyuW$OLguRG8KogyDz7poBxVP9oHuw1lGnJVJfuU3w039XPM=
,0,1,1,0,1,5/1/2023 4:37,271,271,271,pbkdf2_sha256$600000$zXn3Dv4QqNOcBik4NMdyuW$OLguRG8KogyDz7poBxVP9oHuw1lGnJVJfuU3w039XPM=
,0,1,1,0,1,5/1/2023 4:37,272,272,272,pbkdf2_sha256$600000$zXn3Dv4QqNOcBik4NMdyuW$OLguRG8KogyDz7poBxVP9oHuw1lGnJVJfuU3w039XPM=
,0,1,1,0,1,5/1/2023 4:37,273,273,273,pbkdf2_sha256$600000$zXn3Dv4QqNOcBik4NMdyuW$OLguRG8KogyDz7poBxVP9oHuw1lGnJVJfuU3w039XPM=
,0,1,1,0,1,5/1/2023 4:37,274,274,274,pbkdf2_sha256$600000$zXn3Dv4QqNOcBik4NMdyuW$OLguRG8KogyDz7poBxVP9oHuw1lGnJVJfuU3w039XPM=
,0,1,1,0,1,5/1/2023 4:37,275,275,275,pbkdf2_sha256$600000$zXn3Dv4QqNOcBik4NMdyuW$OLguRG8KogyDz7poBxVP9oHuw1lGnJVJfuU3w039XPM=
,0,1,1,0,1,5/1/2023 4:37,276,276,276,pbkdf2_sha256$600000$zXn3Dv4QqNOcBik4NMdyuW$OLguRG8KogyDz7poBxVP9oHuw1lGnJVJfuU3w039XPM=
,0,1,1,0,1,5/1/2023 4:37,277,277,277,pbkdf2_sha256$600000$zXn3Dv4QqNOcBik4NMdyuW$OLguRG8KogyDz7poBxVP9oHuw1lGnJVJfuU3w039XPM=
,0,1,1,0,1,5/1/2023 4:37,278,278,278,pbkdf2_sha256$600000$zXn3Dv4QqNOcBik4NMdyuW$OLguRG8KogyDz7poBxVP9oHuw1lGnJVJfuU3w039XPM=
,0,1,1,0,1,5/1/2023 4:37,279,279,279,pbkdf2_sha256$600000$zXn3Dv4QqNOcBik4NMdyuW$OLguRG8KogyDz7poBxVP9oHuw1lGnJVJfuU3w039XPM=
,0,1,1,0,1,5/1/2023 4:37,280,280,280,pbkdf2_sha256$600000$zXn3Dv4QqNOcBik4NMdyuW$OLguRG8KogyDz7poBxVP9oHuw1lGnJVJfuU3w039XPM=
,0,1,1,0,1,5/1/2023 4:37,281,281,281,pbkdf2_sha256$600000$zXn3Dv4QqNOcBik4NMdyuW$OLguRG8KogyDz7poBxVP9oHuw1lGnJVJfuU3w039XPM=
,0,1,1,0,1,5/1/2023 4:37,282,282,282,pbkdf2_sha256$600000$zXn3Dv4QqNOcBik4NMdyuW$OLguRG8KogyDz7poBxVP9oHuw1lGnJVJfuU3w039XPM=
,0,1,1,0,1,5/1/2023 4:37,283,283,283,pbkdf2_sha256$600000$zXn3Dv4QqNOcBik4NMdyuW$OLguRG8KogyDz7poBxVP9oHuw1lGnJVJfuU3w039XPM=
,0,1,1,0,1,5/1/2023 4:37,284,284,284,pbkdf2_sha256$600000$zXn3Dv4QqNOcBik4NMdyuW$OLguRG8KogyDz7poBxVP9oHuw1lGnJVJfuU3w039XPM=
,0,1,1,0,1,5/1/2023 4:37,285,285,285,pbkdf2_sha256$600000$zXn3Dv4QqNOcBik4NMdyuW$OLguRG8KogyDz7poBxVP9oHuw1lGnJVJfuU3w039XPM=
,0,1,1,0,1,5/1/2023 4:37,286,286,286,pbkdf2_sha256$600000$zXn3Dv4QqNOcBik4NMdyuW$OLguRG8KogyDz7poBxVP9oHuw1lGnJVJfuU3w039XPM=
,0,1,1,0,1,5/1/2023 4:37,287,287,287,pbkdf2_sha256$600000$zXn3Dv4QqNOcBik4NMdyuW$OLguRG8KogyDz7poBxVP9oHuw1lGnJVJfuU3w039XPM=
,0,1,1,0,1,5/1/2023 4:37,288,288,288,pbkdf2_sha256$600000$zXn3Dv4QqNOcBik4NMdyuW$OLguRG8KogyDz7poBxVP9oHuw1lGnJVJfuU3w039XPM=
,0,1,1,0,1,5/1/2023 4:37,289,289,289,pbkdf2_sha256$600000$zXn3Dv4QqNOcBik4NMdyuW$OLguRG8KogyDz7poBxVP9oHuw1lGnJVJfuU3w039XPM=
,0,1,1,0,1,5/1/2023 4:37,290,290,290,pbkdf2_sha256$600000$zXn3Dv4QqNOcBik4NMdyuW$OLguRG8KogyDz7poBxVP9oHuw1lGnJVJfuU3w039XPM=
,0,1,1,0,1,5/1/2023 4:37,291,291,291,pbkdf2_sha256$600000$zXn3Dv4QqNOcBik4NMdyuW$OLguRG8KogyDz7poBxVP9oHuw1lGnJVJfuU3w039XPM=
,0,1,1,0,1,5/1/2023 4:37,292,292,292,pbkdf2_sha256$600000$zXn3Dv4QqNOcBik4NMdyuW$OLguRG8KogyDz7poBxVP9oHuw1lGnJVJfuU3w039XPM=
,0,1,1,0,1,5/1/2023 4:37,293,293,293,pbkdf2_sha256$600000$zXn3Dv4QqNOcBik4NMdyuW$OLguRG8KogyDz7poBxVP9oHuw1lGnJVJfuU3w039XPM=
,0,1,1,0,1,5/1/2023 4:37,294,294,294,pbkdf2_sha256$600000$zXn3Dv4QqNOcBik4NMdyuW$OLguRG8KogyDz7poBxVP9oHuw1lGnJVJfuU3w039XPM=
,0,1,1,0,1,5/1/2023 4:37,295,295,295,pbkdf2_sha256$600000$zXn3Dv4QqNOcBik4NMdyuW$OLguRG8KogyDz7poBxVP9oHuw1lGnJVJfuU3w039XPM=
,0,1,1,0,1,5/1/2023 4:37,296,296,296,pbkdf2_sha256$600000$zXn3Dv4QqNOcBik4NMdyuW$OLguRG8KogyDz7poBxVP9oHuw1lGnJVJfuU3w039XPM=
,0,1,1,0,1,5/1/2023 4:37,297,297,297,pbkdf2_sha256$600000$zXn3Dv4QqNOcBik4NMdyuW$OLguRG8KogyDz7poBxVP9oHuw1lGnJVJfuU3w039XPM=
,0,1,1,0,1,5/1/2023 4:37,298,298,298,pbkdf2_sha256$600000$zXn3Dv4QqNOcBik4NMdyuW$OLguRG8KogyDz7poBxVP9oHuw1lGnJVJfuU3w039XPM=
,0,1,1,0,1,5/1/2023 4:37,299,299,299,pbkdf2_sha256$600000$zXn3Dv4QqNOcBik4NMdyuW$OLguRG8KogyDz7poBxVP9oHuw1lGnJVJfuU3w039XPM=
,0,1,1,0,1,5/1/2023 4:37,300,300,300,pbkdf2_sha256$600000$zXn3Dv4QqNOcBik4NMdyuW$OLguRG8KogyDz7poBxVP9oHuw1lGnJVJfuU3w039XPM=
,0,1,1,0,1,5/1/2023 4:37,301,301,301,pbkdf2_sha256$600000$zXn3Dv4QqNOcBik4NMdyuW$OLguRG8KogyDz7poBxVP9oHuw1lGnJVJfuU3w039XPM=
,0,1,1,0,1,5/1/2023 4:37,302,302,302,pbkdf2_sha256$600000$zXn3Dv4QqNOcBik4NMdyuW$OLguRG8KogyDz7poBxVP9oHuw1lGnJVJfuU3w039XPM=
,0,1,1,0,1,5/1/2023 4:37,303,303,303,pbkdf2_sha256$600000$zXn3Dv4QqNOcBik4NMdyuW$OLguRG8KogyDz7poBxVP9oHuw1lGnJVJfuU3w039XPM=
,0,1,1,0,1,5/1/2023 4:37,304,304,304,pbkdf2_sha256$600000$zXn3Dv4QqNOcBik4NMdyuW$OLguRG8KogyDz7poBxVP9oHuw1lGnJVJfuU3w039XPM=
,0,1,1,0,1,5/1/2023 4:37,305,305,305,pbkdf2_sha256$600000$zXn3Dv4QqNOcBik4NMdyuW$OLguRG8KogyDz7poBxVP9oHuw1lGnJVJfuU3w039XPM=
,0,1,1,0,1,5/1/2023 4:37,306,306,306,pbkdf2_sha256$600000$zXn3Dv4QqNOcBik4NMdyuW$OLguRG8KogyDz7poBxVP9oHuw1lGnJVJfuU3w039XPM=
,0,1,1,0,1,5/1/2023 4:37,307,307,307,pbkdf2_sha256$600000$zXn3Dv4QqNOcBik4NMdyuW$OLguRG8KogyDz7poBxVP9oHuw1lGnJVJfuU3w039XPM=
,0,1,1,0,1,5/1/2023 4:37,308,308,308,pbkdf2_sha256$600000$zXn3Dv4QqNOcBik4NMdyuW$OLguRG8KogyDz7poBxVP9oHuw1lGnJVJfuU3w039XPM=
,0,1,1,0,1,5/1/2023 4:37,309,309,309,pbkdf2_sha256$600000$zXn3Dv4QqNOcBik4NMdyuW$OLguRG8KogyDz7poBxVP9oHuw1lGnJVJfuU3w039XPM=
,0,1,1,0,1,5/1/2023 4:37,310,310,310,pbkdf2_sha256$600000$zXn3Dv4QqNOcBik4NMdyuW$OLguRG8KogyDz7poBxVP9oHuw1lGnJVJfuU3w039XPM=
,0,1,1,0,1,5/1/2023 4:37,311,311,311,pbkdf2_sha256$600000$zXn3Dv4QqNOcBik4NMdyuW$OLguRG8KogyDz7poBxVP9oHuw1lGnJVJfuU3w039XPM=
,0,1,1,0,1,5/1/2023 4:37,312,312,312,pbkdf2_sha256$600000$zXn3Dv4QqNOcBik4NMdyuW$OLguRG8KogyDz7poBxVP9oHuw1lGnJVJfuU3w039XPM=
,0,1,1,0,1,5/1/2023 4:37,313,313,313,pbkdf2_sha256$600000$zXn3Dv4QqNOcBik4NMdyuW$OLguRG8KogyDz7poBxVP9oHuw1lGnJVJfuU3w039XPM=
,0,1,1,0,1,5/1/2023 4:37,314,314,314,pbkdf2_sha256$600000$zXn3Dv4QqNOcBik4NMdyuW$OLguRG8KogyDz7poBxVP9oHuw1lGnJVJfuU3w039XPM=
,0,1,1,0,1,5/1/2023 4:37,315,315,315,pbkdf2_sha256$600000$zXn3Dv4QqNOcBik4NMdyuW$OLguRG8KogyDz7poBxVP9oHuw1lGnJVJfuU3w039XPM=
,0,1,1,0,1,5/1/2023 4:37,316,316,316,pbkdf2_sha256$600000$zXn3Dv4QqNOcBik4NMdyuW$OLguRG8KogyDz7poBxVP9oHuw1lGnJVJfuU3w039XPM=
,0,1,1,0,1,5/1/2023 4:37,317,317,317,pbkdf2_sha256$600000$zXn3Dv4QqNOcBik4NMdyuW$OLguRG8KogyDz7poBxVP9oHuw1lGnJVJfuU3w039XPM=
,0,1,1,0,1,5/1/2023 4:37,318,318,318,pbkdf2_sha256$600000$zXn3Dv4QqNOcBik4NMdyuW$OLguRG8KogyDz7poBxVP9oHuw1lGnJVJfuU3w039XPM=
,0,1,1,0,1,5/1/2023 4:37,319,319,319,pbkdf2_sha256$600000$zXn3Dv4QqNOcBik4NMdyuW$OLguRG8KogyDz7poBxVP9oHuw1lGnJVJfuU3w039XPM=
,0,1,1,0,1,5/1/2023 4:37,320,320,320,pbkdf2_sha256$600000$zXn3Dv4QqNOcBik4NMdyuW$OLguRG8KogyDz7poBxVP9oHuw1lGnJVJfuU3w039XPM=
,0,1,1,0,1,5/1/2023 4:37,321,321,321,pbkdf2_sha256$600000$zXn3Dv4QqNOcBik4NMdyuW$OLguRG8KogyDz7poBxVP9oHuw1lGnJVJfuU3w039XPM=
,0,1,1,0,1,5/1/2023 4:37,322,322,322,pbkdf2_sha256$600000$zXn3Dv4QqNOcBik4NMdyuW$OLguRG8KogyDz7poBxVP9oHuw1lGnJVJfuU3w039XPM=
,0,1,1,0,1,5/1/2023 4:37,323,323,323,pbkdf2_sha256$600000$zXn3Dv4QqNOcBik4NMdyuW$OLguRG8KogyDz7poBxVP9oHuw1lGnJVJfuU3w039XPM=
,0,1,1,0,1,5/1/2023 4:37,324,324,324,pbkdf2_sha256$600000$zXn3Dv4QqNOcBik4NMdyuW$OLguRG8KogyDz7poBxVP9oHuw1lGnJVJfuU3w039XPM=
,0,1,1,0,1,5/1/2023 4:37,325,325,325,pbkdf2_sha256$600000$zXn3Dv4QqNOcBik4NMdyuW$OLguRG8KogyDz7poBxVP9oHuw1lGnJVJfuU3w039XPM=
,0,1,1,0,1,5/1/2023 4:37,326,326,326,pbkdf2_sha256$600000$zXn3Dv4QqNOcBik4NMdyuW$OLguRG8KogyDz7poBxVP9oHuw1lGnJVJfuU3w039XPM=
,0,1,1,0,1,5/1/2023 4:37,327,327,327,pbkdf2_sha256$600000$zXn3Dv4QqNOcBik4NMdyuW$OLguRG8KogyDz7poBxVP9oHuw1lGnJVJfuU3w039XPM=
,0,1,1,0,1,5/1/2023 4:37,328,328,328,pbkdf2_sha256$600000$zXn3Dv4QqNOcBik4NMdyuW$OLguRG8KogyDz7poBxVP9oHuw1lGnJVJfuU3w039XPM=
,0,1,1,0,1,5/1/2023 4:37,329,329,329,pbkdf2_sha256$600000$zXn3Dv4QqNOcBik4NMdyuW$OLguRG8KogyDz7poBxVP9oHuw1lGnJVJfuU3w039XPM=
,0,1,1,0,1,5/1/2023 4:37,330,330,330,pbkdf2_sha256$600000$zXn3Dv4QqNOcBik4NMdyuW$OLguRG8KogyDz7poBxVP9oHuw1lGnJVJfuU3w039XPM=
,0,1,1,0,1,5/1/2023 4:37,331,331,331,pbkdf2_sha256$600000$zXn3Dv4QqNOcBik4NMdyuW$OLguRG8KogyDz7poBxVP9oHuw1lGnJVJfuU3w039XPM=
,0,1,1,0,1,5/1/2023 4:37,332,332,332,pbkdf2_sha256$600000$zXn3Dv4QqNOcBik4NMdyuW$OLguRG8KogyDz7poBxVP9oHuw1lGnJVJfuU3w039XPM=
,0,1,1,0,1,5/1/2023 4:37,333,333,333,pbkdf2_sha256$600000$zXn3Dv4QqNOcBik4NMdyuW$OLguRG8KogyDz7poBxVP9oHuw1lGnJVJfuU3w039XPM=
,0,1,1,0,1,5/1/2023 4:37,334,334,334,pbkdf2_sha256$600000$zXn3Dv4QqNOcBik4NMdyuW$OLguRG8KogyDz7poBxVP9oHuw1lGnJVJfuU3w039XPM=
,0,1,1,0,1,5/1/2023 4:37,335,335,335,pbkdf2_sha256$600000$zXn3Dv4QqNOcBik4NMdyuW$OLguRG8KogyDz7poBxVP9oHuw1lGnJVJfuU3w039XPM=
,0,1,1,0,1,5/1/2023 4:37,336,336,336,pbkdf2_sha256$600000$zXn3Dv4QqNOcBik4NMdyuW$OLguRG8KogyDz7poBxVP9oHuw1lGnJVJfuU3w039XPM=
,0,1,1,0,1,5/1/2023 4:37,337,337,337,pbkdf2_sha256$600000$zXn3Dv4QqNOcBik4NMdyuW$OLguRG8KogyDz7poBxVP9oHuw1lGnJVJfuU3w039XPM=
,0,1,1,0,1,5/1/2023 4:37,338,338,338,pbkdf2_sha256$600000$zXn3Dv4QqNOcBik4NMdyuW$OLguRG8KogyDz7poBxVP9oHuw1lGnJVJfuU3w039XPM=
,0,1,1,0,1,5/1/2023 4:37,339,339,339,pbkdf2_sha256$600000$zXn3Dv4QqNOcBik4NMdyuW$OLguRG8KogyDz7poBxVP9oHuw1lGnJVJfuU3w039XPM=
,0,1,1,0,1,5/1/2023 4:37,340,340,340,pbkdf2_sha256$600000$zXn3Dv4QqNOcBik4NMdyuW$OLguRG8KogyDz7poBxVP9oHuw1lGnJVJfuU3w039XPM=
,0,1,1,0,1,5/1/2023 4:37,341,341,341,pbkdf2_sha256$600000$zXn3Dv4QqNOcBik4NMdyuW$OLguRG8KogyDz7poBxVP9oHuw1lGnJVJfuU3w039XPM=
,0,1,1,0,1,5/1/2023 4:37,342,342,342,pbkdf2_sha256$600000$zXn3Dv4QqNOcBik4NMdyuW$OLguRG8KogyDz7poBxVP9oHuw1lGnJVJfuU3w039XPM=
,0,1,1,0,1,5/1/2023 4:37,343,343,343,pbkdf2_sha256$600000$zXn3Dv4QqNOcBik4NMdyuW$OLguRG8KogyDz7poBxVP9oHuw1lGnJVJfuU3w039XPM=
,0,1,1,0,1,5/1/2023 4:37,344,344,344,pbkdf2_sha256$600000$zXn3Dv4QqNOcBik4NMdyuW$OLguRG8KogyDz7poBxVP9oHuw1lGnJVJfuU3w039XPM=
,0,1,1,0,1,5/1/2023 4:37,345,345,345,pbkdf2_sha256$600000$zXn3Dv4QqNOcBik4NMdyuW$OLguRG8KogyDz7poBxVP9oHuw1lGnJVJfuU3w039XPM=
,0,1,1,0,1,5/1/2023 4:37,346,346,346,pbkdf2_sha256$600000$zXn3Dv4QqNOcBik4NMdyuW$OLguRG8KogyDz7poBxVP9oHuw1lGnJVJfuU3w039XPM=
,0,1,1,0,1,5/1/2023 4:37,347,347,347,pbkdf2_sha256$600000$zXn3Dv4QqNOcBik4NMdyuW$OLguRG8KogyDz7poBxVP9oHuw1lGnJVJfuU3w039XPM=
,0,1,1,0,1,5/1/2023 4:37,348,348,348,pbkdf2_sha256$600000$zXn3Dv4QqNOcBik4NMdyuW$OLguRG8KogyDz7poBxVP9oHuw1lGnJVJfuU3w039XPM=
,0,1,1,0,1,5/1/2023 4:37,349,349,349,pbkdf2_sha256$600000$zXn3Dv4QqNOcBik4NMdyuW$OLguRG8KogyDz7poBxVP9oHuw1lGnJVJfuU3w039XPM=
,0,1,1,0,1,5/1/2023 4:37,350,350,350,pbkdf2_sha256$600000$zXn3Dv4QqNOcBik4NMdyuW$OLguRG8KogyDz7poBxVP9oHuw1lGnJVJfuU3w039XPM=
,0,1,1,0,1,5/1/2023 4:37,351,351,351,pbkdf2_sha256$600000$zXn3Dv4QqNOcBik4NMdyuW$OLguRG8KogyDz7poBxVP9oHuw1lGnJVJfuU3w039XPM=
,0,1,1,0,1,5/1/2023 4:37,352,352,352,pbkdf2_sha256$600000$zXn3Dv4QqNOcBik4NMdyuW$OLguRG8KogyDz7poBxVP9oHuw1lGnJVJfuU3w039XPM=
,0,1,1,0,1,5/1/2023 4:37,353,353,353,pbkdf2_sha256$600000$zXn3Dv4QqNOcBik4NMdyuW$OLguRG8KogyDz7poBxVP9oHuw1lGnJVJfuU3w039XPM=
,0,1,1,0,1,5/1/2023 4:37,354,354,354,pbkdf2_sha256$600000$zXn3Dv4QqNOcBik4NMdyuW$OLguRG8KogyDz7poBxVP9oHuw1lGnJVJfuU3w039XPM=
,0,1,1,0,1,5/1/2023 4:37,355,355,355,pbkdf2_sha256$600000$zXn3Dv4QqNOcBik4NMdyuW$OLguRG8KogyDz7poBxVP9oHuw1lGnJVJfuU3w039XPM=
,0,1,1,0,1,5/1/2023 4:37,356,356,356,pbkdf2_sha256$600000$zXn3Dv4QqNOcBik4NMdyuW$OLguRG8KogyDz7poBxVP9oHuw1lGnJVJfuU3w039XPM=
,0,1,1,0,1,5/1/2023 4:37,357,357,357,pbkdf2_sha256$600000$zXn3Dv4QqNOcBik4NMdyuW$OLguRG8KogyDz7poBxVP9oHuw1lGnJVJfuU3w039XPM=
,0,1,1,0,1,5/1/2023 4:37,358,358,358,pbkdf2_sha256$600000$zXn3Dv4QqNOcBik4NMdyuW$OLguRG8KogyDz7poBxVP9oHuw1lGnJVJfuU3w039XPM=
,0,1,1,0,1,5/1/2023 4:37,359,359,359,pbkdf2_sha256$600000$zXn3Dv4QqNOcBik4NMdyuW$OLguRG8KogyDz7poBxVP9oHuw1lGnJVJfuU3w039XPM=
,0,1,1,0,1,5/1/2023 4:37,360,360,360,pbkdf2_sha256$600000$zXn3Dv4QqNOcBik4NMdyuW$OLguRG8KogyDz7poBxVP9oHuw1lGnJVJfuU3w039XPM=
,0,1,1,0,1,5/1/2023 4:37,361,361,361,pbkdf2_sha256$600000$zXn3Dv4QqNOcBik4NMdyuW$OLguRG8KogyDz7poBxVP9oHuw1lGnJVJfuU3w039XPM=
,0,1,1,0,1,5/1/2023 4:37,362,362,362,pbkdf2_sha256$600000$zXn3Dv4QqNOcBik4NMdyuW$OLguRG8KogyDz7poBxVP9oHuw1lGnJVJfuU3w039XPM=
,0,1,1,0,1,5/1/2023 4:37,363,363,363,pbkdf2_sha256$600000$zXn3Dv4QqNOcBik4NMdyuW$OLguRG8KogyDz7poBxVP9oHuw1lGnJVJfuU3w039XPM=
,0,1,1,0,1,5/1/2023 4:37,364,364,364,pbkdf2_sha256$600000$zXn3Dv4QqNOcBik4NMdyuW$OLguRG8KogyDz7poBxVP9oHuw1lGnJVJfuU3w039XPM=
,0,1,1,0,1,5/1/2023 4:37,365,365,365,pbkdf2_sha256$600000$zXn3Dv4QqNOcBik4NMdyuW$OLguRG8KogyDz7poBxVP9oHuw1lGnJVJfuU3w039XPM=
,0,1,1,0,1,5/1/2023 4:37,366,366,366,pbkdf2_sha256$600000$zXn3Dv4QqNOcBik4NMdyuW$OLguRG8KogyDz7poBxVP9oHuw1lGnJVJfuU3w039XPM=
,0,1,1,0,1,5/1/2023 4:37,367,367,367,pbkdf2_sha256$600000$zXn3Dv4QqNOcBik4NMdyuW$OLguRG8KogyDz7poBxVP9oHuw1lGnJVJfuU3w039XPM=
,0,1,1,0,1,5/1/2023 4:37,368,368,368,pbkdf2_sha256$600000$zXn3Dv4QqNOcBik4NMdyuW$OLguRG8KogyDz7poBxVP9oHuw1lGnJVJfuU3w039XPM=
,0,1,1,0,1,5/1/2023 4:37,369,369,369,pbkdf2_sha256$600000$zXn3Dv4QqNOcBik4NMdyuW$OLguRG8KogyDz7poBxVP9oHuw1lGnJVJfuU3w039XPM=
,0,1,1,0,1,5/1/2023 4:37,370,370,370,pbkdf2_sha256$600000$zXn3Dv4QqNOcBik4NMdyuW$OLguRG8KogyDz7poBxVP9oHuw1lGnJVJfuU3w039XPM=
,0,1,1,0,1,5/1/2023 4:37,371,371,371,pbkdf2_sha256$600000$zXn3Dv4QqNOcBik4NMdyuW$OLguRG8KogyDz7poBxVP9oHuw1lGnJVJfuU3w039XPM=
,0,1,1,0,1,5/1/2023 4:37,372,372,372,pbkdf2_sha256$600000$zXn3Dv4QqNOcBik4NMdyuW$OLguRG8KogyDz7poBxVP9oHuw1lGnJVJfuU3w039XPM=
,0,1,1,0,1,5/1/2023 4:37,373,373,373,pbkdf2_sha256$600000$zXn3Dv4QqNOcBik4NMdyuW$OLguRG8KogyDz7poBxVP9oHuw1lGnJVJfuU3w039XPM=
,0,1,1,0,1,5/1/2023 4:37,374,374,374,pbkdf2_sha256$600000$zXn3Dv4QqNOcBik4NMdyuW$OLguRG8KogyDz7poBxVP9oHuw1lGnJVJfuU3w039XPM=
,0,1,1,0,1,5/1/2023 4:37,375,375,375,pbkdf2_sha256$600000$zXn3Dv4QqNOcBik4NMdyuW$OLguRG8KogyDz7poBxVP9oHuw1lGnJVJfuU3w039XPM=
,0,1,1,0,1,5/1/2023 4:37,376,376,376,pbkdf2_sha256$600000$zXn3Dv4QqNOcBik4NMdyuW$OLguRG8KogyDz7poBxVP9oHuw1lGnJVJfuU3w039XPM=
,0,1,1,0,1,5/1/2023 4:37,377,377,377,pbkdf2_sha256$600000$zXn3Dv4QqNOcBik4NMdyuW$OLguRG8KogyDz7poBxVP9oHuw1lGnJVJfuU3w039XPM=
,0,1,1,0,1,5/1/2023 4:37,378,378,378,pbkdf2_sha256$600000$zXn3Dv4QqNOcBik4NMdyuW$OLguRG8KogyDz7poBxVP9oHuw1lGnJVJfuU3w039XPM=
,0,1,1,0,1,5/1/2023 4:37,379,379,379,pbkdf2_sha256$600000$zXn3Dv4QqNOcBik4NMdyuW$OLguRG8KogyDz7poBxVP9oHuw1lGnJVJfuU3w039XPM=
,0,1,1,0,1,5/1/2023 4:37,380,380,380,pbkdf2_sha256$600000$zXn3Dv4QqNOcBik4NMdyuW$OLguRG8KogyDz7poBxVP9oHuw1lGnJVJfuU3w039XPM=
,0,1,1,0,1,5/1/2023 4:37,381,381,381,pbkdf2_sha256$600000$zXn3Dv4QqNOcBik4NMdyuW$OLguRG8KogyDz7poBxVP9oHuw1lGnJVJfuU3w039XPM=
,0,1,1,0,1,5/1/2023 4:37,382,382,382,pbkdf2_sha256$600000$zXn3Dv4QqNOcBik4NMdyuW$OLguRG8KogyDz7poBxVP9oHuw1lGnJVJfuU3w039XPM=
,0,1,1,0,1,5/1/2023 4:37,383,383,383,pbkdf2_sha256$600000$zXn3Dv4QqNOcBik4NMdyuW$OLguRG8KogyDz7poBxVP9oHuw1lGnJVJfuU3w039XPM=
,0,1,1,0,1,5/1/2023 4:37,384,384,384,pbkdf2_sha256$600000$zXn3Dv4QqNOcBik4NMdyuW$OLguRG8KogyDz7poBxVP9oHuw1lGnJVJfuU3w039XPM=
,0,1,1,0,1,5/1/2023 4:37,385,385,385,pbkdf2_sha256$600000$zXn3Dv4QqNOcBik4NMdyuW$OLguRG8KogyDz7poBxVP9oHuw1lGnJVJfuU3w039XPM=
,0,1,1,0,1,5/1/2023 4:37,386,386,386,pbkdf2_sha256$600000$zXn3Dv4QqNOcBik4NMdyuW$OLguRG8KogyDz7poBxVP9oHuw1lGnJVJfuU3w039XPM=
,0,1,1,0,1,5/1/2023 4:37,387,387,387,pbkdf2_sha256$600000$zXn3Dv4QqNOcBik4NMdyuW$OLguRG8KogyDz7poBxVP9oHuw1lGnJVJfuU3w039XPM=
,0,1,1,0,1,5/1/2023 4:37,388,388,388,pbkdf2_sha256$600000$zXn3Dv4QqNOcBik4NMdyuW$OLguRG8KogyDz7poBxVP9oHuw1lGnJVJfuU3w039XPM=
,0,1,1,0,1,5/1/2023 4:37,389,389,389,pbkdf2_sha256$600000$zXn3Dv4QqNOcBik4NMdyuW$OLguRG8KogyDz7poBxVP9oHuw1lGnJVJfuU3w039XPM=
,0,1,1,0,1,5/1/2023 4:37,390,390,390,pbkdf2_sha256$600000$zXn3Dv4QqNOcBik4NMdyuW$OLguRG8KogyDz7poBxVP9oHuw1lGnJVJfuU3w039XPM=
,0,1,1,0,1,5/1/2023 4:37,391,391,391,pbkdf2_sha256$600000$zXn3Dv4QqNOcBik4NMdyuW$OLguRG8KogyDz7poBxVP9oHuw1lGnJVJfuU3w039XPM=
,0,1,1,0,1,5/1/2023 4:37,392,392,392,pbkdf2_sha256$600000$zXn3Dv4QqNOcBik4NMdyuW$OLguRG8KogyDz7poBxVP9oHuw1lGnJVJfuU3w039XPM=
,0,1,1,0,1,5/1/2023 4:37,393,393,393,pbkdf2_sha256$600000$zXn3Dv4QqNOcBik4NMdyuW$OLguRG8KogyDz7poBxVP9oHuw1lGnJVJfuU3w039XPM=
,0,1,1,0,1,5/1/2023 4:37,394,394,394,pbkdf2_sha256$600000$zXn3Dv4QqNOcBik4NMdyuW$OLguRG8KogyDz7poBxVP9oHuw1lGnJVJfuU3w039XPM=
,0,1,1,0,1,5/1/2023 4:37,395,395,395,pbkdf2_sha256$600000$zXn3Dv4QqNOcBik4NMdyuW$OLguRG8KogyDz7poBxVP9oHuw1lGnJVJfuU3w039XPM=
,0,1,1,0,1,5/1/2023 4:37,396,396,396,pbkdf2_sha256$600000$zXn3Dv4QqNOcBik4NMdyuW$OLguRG8KogyDz7poBxVP9oHuw1lGnJVJfuU3w039XPM=
,0,1,1,0,1,5/1/2023 4:37,397,397,397,pbkdf2_sha256$600000$zXn3Dv4QqNOcBik4NMdyuW$OLguRG8KogyDz7poBxVP9oHuw1lGnJVJfuU3w039XPM=
,0,1,1,0,1,5/1/2023 4:37,398,398,398,pbkdf2_sha256$600000$zXn3Dv4QqNOcBik4NMdyuW$OLguRG8KogyDz7poBxVP9oHuw1lGnJVJfuU3w039XPM=
,0,1,1,0,1,5/1/2023 4:37,399,399,399,pbkdf2_sha256$600000$zXn3Dv4QqNOcBik4NMdyuW$OLguRG8KogyDz7poBxVP9oHuw1lGnJVJfuU3w039XPM=
,0,1,1,0,1,5/1/2023 4:37,400,400,400,pbkdf2_sha256$600000$zXn3Dv4QqNOcBik4NMdyuW$OLguRG8KogyDz7poBxVP9oHuw1lGnJVJfuU3w039XPM=
,0,1,1,0,1,5/1/2023 4:37,401,401,401,pbkdf2_sha256$600000$zXn3Dv4QqNOcBik4NMdyuW$OLguRG8KogyDz7poBxVP9oHuw1lGnJVJfuU3w039XPM=
,0,1,1,0,1,5/1/2023 4:37,402,402,402,pbkdf2_sha256$600000$zXn3Dv4QqNOcBik4NMdyuW$OLguRG8KogyDz7poBxVP9oHuw1lGnJVJfuU3w039XPM=
,0,1,1,0,1,5/1/2023 4:37,403,403,403,pbkdf2_sha256$600000$zXn3Dv4QqNOcBik4NMdyuW$OLguRG8KogyDz7poBxVP9oHuw1lGnJVJfuU3w039XPM=
,0,1,1,0,1,5/1/2023 4:37,404,404,404,pbkdf2_sha256$600000$zXn3Dv4QqNOcBik4NMdyuW$OLguRG8KogyDz7poBxVP9oHuw1lGnJVJfuU3w039XPM=
,0,1,1,0,1,5/1/2023 4:37,405,405,405,pbkdf2_sha256$600000$zXn3Dv4QqNOcBik4NMdyuW$OLguRG8KogyDz7poBxVP9oHuw1lGnJVJfuU3w039XPM=
,0,1,1,0,1,5/1/2023 4:37,406,406,406,pbkdf2_sha256$600000$zXn3Dv4QqNOcBik4NMdyuW$OLguRG8KogyDz7poBxVP9oHuw1lGnJVJfuU3w039XPM=
,0,1,1,0,1,5/1/2023 4:37,407,407,407,pbkdf2_sha256$600000$zXn3Dv4QqNOcBik4NMdyuW$OLguRG8KogyDz7poBxVP9oHuw1lGnJVJfuU3w039XPM=
,0,1,1,0,1,5/1/2023 4:37,408,408,408,pbkdf2_sha256$600000$zXn3Dv4QqNOcBik4NMdyuW$OLguRG8KogyDz7poBxVP9oHuw1lGnJVJfuU3w039XPM=
,0,1,1,0,1,5/1/2023 4:37,409,409,409,pbkdf2_sha256$600000$zXn3Dv4QqNOcBik4NMdyuW$OLguRG8KogyDz7poBxVP9oHuw1lGnJVJfuU3w039XPM=
,0,1,1,0,1,5/1/2023 4:37,410,410,410,pbkdf2_sha256$600000$zXn3Dv4QqNOcBik4NMdyuW$OLguRG8KogyDz7poBxVP9oHuw1lGnJVJfuU3w039XPM=
,0,1,1,0,1,5/1/2023 4:37,411,411,411,pbkdf2_sha256$600000$zXn3Dv4QqNOcBik4NMdyuW$OLguRG8KogyDz7poBxVP9oHuw1lGnJVJfuU3w039XPM=
,0,1,1,0,1,5/1/2023 4:37,412,412,412,pbkdf2_sha256$600000$zXn3Dv4QqNOcBik4NMdyuW$OLguRG8KogyDz7poBxVP9oHuw1lGnJVJfuU3w039XPM=
,0,1,1,0,1,5/1/2023 4:37,413,413,413,pbkdf2_sha256$600000$zXn3Dv4QqNOcBik4NMdyuW$OLguRG8KogyDz7poBxVP9oHuw1lGnJVJfuU3w039XPM=
,0,1,1,0,1,5/1/2023 4:37,414,414,414,pbkdf2_sha256$600000$zXn3Dv4QqNOcBik4NMdyuW$OLguRG8KogyDz7poBxVP9oHuw1lGnJVJfuU3w039XPM=
,0,1,1,0,1,5/1/2023 4:37,415,415,415,pbkdf2_sha256$600000$zXn3Dv4QqNOcBik4NMdyuW$OLguRG8KogyDz7poBxVP9oHuw1lGnJVJfuU3w039XPM=
,0,1,1,0,1,5/1/2023 4:37,416,416,416,pbkdf2_sha256$600000$zXn3Dv4QqNOcBik4NMdyuW$OLguRG8KogyDz7poBxVP9oHuw1lGnJVJfuU3w039XPM=
,0,1,1,0,1,5/1/2023 4:37,417,417,417,pbkdf2_sha256$600000$zXn3Dv4QqNOcBik4NMdyuW$OLguRG8KogyDz7poBxVP9oHuw1lGnJVJfuU3w039XPM=
,0,1,1,0,1,5/1/2023 4:37,418,418,418,pbkdf2_sha256$600000$zXn3Dv4QqNOcBik4NMdyuW$OLguRG8KogyDz7poBxVP9oHuw1lGnJVJfuU3w039XPM=
,0,1,1,0,1,5/1/2023 4:37,419,419,419,pbkdf2_sha256$600000$zXn3Dv4QqNOcBik4NMdyuW$OLguRG8KogyDz7poBxVP9oHuw1lGnJVJfuU3w039XPM=
,0,1,1,0,1,5/1/2023 4:37,420,420,420,pbkdf2_sha256$600000$zXn3Dv4QqNOcBik4NMdyuW$OLguRG8KogyDz7poBxVP9oHuw1lGnJVJfuU3w039XPM=
,0,1,1,0,1,5/1/2023 4:37,421,421,421,pbkdf2_sha256$600000$zXn3Dv4QqNOcBik4NMdyuW$OLguRG8KogyDz7poBxVP9oHuw1lGnJVJfuU3w039XPM=
,0,1,1,0,1,5/1/2023 4:37,422,422,422,pbkdf2_sha256$600000$zXn3Dv4QqNOcBik4NMdyuW$OLguRG8KogyDz7poBxVP9oHuw1lGnJVJfuU3w039XPM=
,0,1,1,0,1,5/1/2023 4:37,423,423,423,pbkdf2_sha256$600000$zXn3Dv4QqNOcBik4NMdyuW$OLguRG8KogyDz7poBxVP9oHuw1lGnJVJfuU3w039XPM=
,0,1,1,0,1,5/1/2023 4:37,424,424,424,pbkdf2_sha256$600000$zXn3Dv4QqNOcBik4NMdyuW$OLguRG8KogyDz7poBxVP9oHuw1lGnJVJfuU3w039XPM=
,0,1,1,0,1,5/1/2023 4:37,425,425,425,pbkdf2_sha256$600000$zXn3Dv4QqNOcBik4NMdyuW$OLguRG8KogyDz7poBxVP9oHuw1lGnJVJfuU3w039XPM=
,0,1,1,0,1,5/1/2023 4:37,426,426,426,pbkdf2_sha256$600000$zXn3Dv4QqNOcBik4NMdyuW$OLguRG8KogyDz7poBxVP9oHuw1lGnJVJfuU3w039XPM=
,0,1,1,0,1,5/1/2023 4:37,427,427,427,pbkdf2_sha256$600000$zXn3Dv4QqNOcBik4NMdyuW$OLguRG8KogyDz7poBxVP9oHuw1lGnJVJfuU3w039XPM=
,0,1,1,0,1,5/1/2023 4:37,428,428,428,pbkdf2_sha256$600000$zXn3Dv4QqNOcBik4NMdyuW$OLguRG8KogyDz7poBxVP9oHuw1lGnJVJfuU3w039XPM=
,0,1,1,0,1,5/1/2023 4:37,429,429,429,pbkdf2_sha256$600000$zXn3Dv4QqNOcBik4NMdyuW$OLguRG8KogyDz7poBxVP9oHuw1lGnJVJfuU3w039XPM=
,0,1,1,0,1,5/1/2023 4:37,430,430,430,pbkdf2_sha256$600000$zXn3Dv4QqNOcBik4NMdyuW$OLguRG8KogyDz7poBxVP9oHuw1lGnJVJfuU3w039XPM=
,0,1,1,0,1,5/1/2023 4:37,431,431,431,pbkdf2_sha256$600000$zXn3Dv4QqNOcBik4NMdyuW$OLguRG8KogyDz7poBxVP9oHuw1lGnJVJfuU3w039XPM=
,0,1,1,0,1,5/1/2023 4:37,432,432,432,pbkdf2_sha256$600000$zXn3Dv4QqNOcBik4NMdyuW$OLguRG8KogyDz7poBxVP9oHuw1lGnJVJfuU3w039XPM=
,0,1,1,0,1,5/1/2023 4:37,433,433,433,pbkdf2_sha256$600000$zXn3Dv4QqNOcBik4NMdyuW$OLguRG8KogyDz7poBxVP9oHuw1lGnJVJfuU3w039XPM=
,0,1,1,0,1,5/1/2023 4:37,434,434,434,pbkdf2_sha256$600000$zXn3Dv4QqNOcBik4NMdyuW$OLguRG8KogyDz7poBxVP9oHuw1lGnJVJfuU3w039XPM=
,0,1,1,0,1,5/1/2023 4:37,435,435,435,pbkdf2_sha256$600000$zXn3Dv4QqNOcBik4NMdyuW$OLguRG8KogyDz7poBxVP9oHuw1lGnJVJfuU3w039XPM=
,0,1,1,0,1,5/1/2023 4:37,436,436,436,pbkdf2_sha256$600000$zXn3Dv4QqNOcBik4NMdyuW$OLguRG8KogyDz7poBxVP9oHuw1lGnJVJfuU3w039XPM=
,0,1,1,0,1,5/1/2023 4:37,437,437,437,pbkdf2_sha256$600000$zXn3Dv4QqNOcBik4NMdyuW$OLguRG8KogyDz7poBxVP9oHuw1lGnJVJfuU3w039XPM=
,0,1,1,0,1,5/1/2023 4:37,438,438,438,pbkdf2_sha256$600000$zXn3Dv4QqNOcBik4NMdyuW$OLguRG8KogyDz7poBxVP9oHuw1lGnJVJfuU3w039XPM=
,0,1,1,0,1,5/1/2023 4:37,439,439,439,pbkdf2_sha256$600000$zXn3Dv4QqNOcBik4NMdyuW$OLguRG8KogyDz7poBxVP9oHuw1lGnJVJfuU3w039XPM=
,0,1,1,0,1,5/1/2023 4:37,440,440,440,pbkdf2_sha256$600000$zXn3Dv4QqNOcBik4NMdyuW$OLguRG8KogyDz7poBxVP9oHuw1lGnJVJfuU3w039XPM=
,0,1,1,0,1,5/1/2023 4:37,441,441,441,pbkdf2_sha256$600000$zXn3Dv4QqNOcBik4NMdyuW$OLguRG8KogyDz7poBxVP9oHuw1lGnJVJfuU3w039XPM=
,0,1,1,0,1,5/1/2023 4:37,442,442,442,pbkdf2_sha256$600000$zXn3Dv4QqNOcBik4NMdyuW$OLguRG8KogyDz7poBxVP9oHuw1lGnJVJfuU3w039XPM=
,0,1,1,0,1,5/1/2023 4:37,443,443,443,pbkdf2_sha256$600000$zXn3Dv4QqNOcBik4NMdyuW$OLguRG8KogyDz7poBxVP9oHuw1lGnJVJfuU3w039XPM=
,0,1,1,0,1,5/1/2023 4:37,444,444,444,pbkdf2_sha256$600000$zXn3Dv4QqNOcBik4NMdyuW$OLguRG8KogyDz7poBxVP9oHuw1lGnJVJfuU3w039XPM=
,0,1,1,0,1,5/1/2023 4:37,445,445,445,pbkdf2_sha256$600000$zXn3Dv4QqNOcBik4NMdyuW$OLguRG8KogyDz7poBxVP9oHuw1lGnJVJfuU3w039XPM=
,0,1,1,0,1,5/1/2023 4:37,446,446,446,pbkdf2_sha256$600000$zXn3Dv4QqNOcBik4NMdyuW$OLguRG8KogyDz7poBxVP9oHuw1lGnJVJfuU3w039XPM=
,0,1,1,0,1,5/1/2023 4:37,447,447,447,pbkdf2_sha256$600000$zXn3Dv4QqNOcBik4NMdyuW$OLguRG8KogyDz7poBxVP9oHuw1lGnJVJfuU3w039XPM=
,0,1,1,0,1,5/1/2023 4:37,448,448,448,pbkdf2_sha256$600000$zXn3Dv4QqNOcBik4NMdyuW$OLguRG8KogyDz7poBxVP9oHuw1lGnJVJfuU3w039XPM=
,0,1,1,0,1,5/1/2023 4:37,449,449,449,pbkdf2_sha256$600000$zXn3Dv4QqNOcBik4NMdyuW$OLguRG8KogyDz7poBxVP9oHuw1lGnJVJfuU3w039XPM=
,0,1,1,0,1,5/1/2023 4:37,450,450,450,pbkdf2_sha256$600000$zXn3Dv4QqNOcBik4NMdyuW$OLguRG8KogyDz7poBxVP9oHuw1lGnJVJfuU3w039XPM=
,0,1,1,0,1,5/1/2023 4:37,451,451,451,pbkdf2_sha256$600000$zXn3Dv4QqNOcBik4NMdyuW$OLguRG8KogyDz7poBxVP9oHuw1lGnJVJfuU3w039XPM=
,0,1,1,0,1,5/1/2023 4:37,452,452,452,pbkdf2_sha256$600000$zXn3Dv4QqNOcBik4NMdyuW$OLguRG8KogyDz7poBxVP9oHuw1lGnJVJfuU3w039XPM=
,0,1,1,0,1,5/1/2023 4:37,453,453,453,pbkdf2_sha256$600000$zXn3Dv4QqNOcBik4NMdyuW$OLguRG8KogyDz7poBxVP9oHuw1lGnJVJfuU3w039XPM=
,0,1,1,0,1,5/1/2023 4:37,454,454,454,pbkdf2_sha256$600000$zXn3Dv4QqNOcBik4NMdyuW$OLguRG8KogyDz7poBxVP9oHuw1lGnJVJfuU3w039XPM=
,0,1,1,0,1,5/1/2023 4:37,455,455,455,pbkdf2_sha256$600000$zXn3Dv4QqNOcBik4NMdyuW$OLguRG8KogyDz7poBxVP9oHuw1lGnJVJfuU3w039XPM=
,0,1,1,0,1,5/1/2023 4:37,456,456,456,pbkdf2_sha256$600000$zXn3Dv4QqNOcBik4NMdyuW$OLguRG8KogyDz7poBxVP9oHuw1lGnJVJfuU3w039XPM=
,0,1,1,0,1,5/1/2023 4:37,457,457,457,pbkdf2_sha256$600000$zXn3Dv4QqNOcBik4NMdyuW$OLguRG8KogyDz7poBxVP9oHuw1lGnJVJfuU3w039XPM=
,0,1,1,0,1,5/1/2023 4:37,458,458,458,pbkdf2_sha256$600000$zXn3Dv4QqNOcBik4NMdyuW$OLguRG8KogyDz7poBxVP9oHuw1lGnJVJfuU3w039XPM=
,0,1,1,0,1,5/1/2023 4:37,459,459,459,pbkdf2_sha256$600000$zXn3Dv4QqNOcBik4NMdyuW$OLguRG8KogyDz7poBxVP9oHuw1lGnJVJfuU3w039XPM=
,0,1,1,0,1,5/1/2023 4:37,460,460,460,pbkdf2_sha256$600000$zXn3Dv4QqNOcBik4NMdyuW$OLguRG8KogyDz7poBxVP9oHuw1lGnJVJfuU3w039XPM=
,0,1,1,0,1,5/1/2023 4:37,461,461,461,pbkdf2_sha256$600000$zXn3Dv4QqNOcBik4NMdyuW$OLguRG8KogyDz7poBxVP9oHuw1lGnJVJfuU3w039XPM=
,0,1,1,0,1,5/1/2023 4:37,462,462,462,pbkdf2_sha256$600000$zXn3Dv4QqNOcBik4NMdyuW$OLguRG8KogyDz7poBxVP9oHuw1lGnJVJfuU3w039XPM=
,0,1,1,0,1,5/1/2023 4:37,463,463,463,pbkdf2_sha256$600000$zXn3Dv4QqNOcBik4NMdyuW$OLguRG8KogyDz7poBxVP9oHuw1lGnJVJfuU3w039XPM=
,0,1,1,0,1,5/1/2023 4:37,464,464,464,pbkdf2_sha256$600000$zXn3Dv4QqNOcBik4NMdyuW$OLguRG8KogyDz7poBxVP9oHuw1lGnJVJfuU3w039XPM=
,0,1,1,0,1,5/1/2023 4:37,465,465,465,pbkdf2_sha256$600000$zXn3Dv4QqNOcBik4NMdyuW$OLguRG8KogyDz7poBxVP9oHuw1lGnJVJfuU3w039XPM=
,0,1,1,0,1,5/1/2023 4:37,466,466,466,pbkdf2_sha256$600000$zXn3Dv4QqNOcBik4NMdyuW$OLguRG8KogyDz7poBxVP9oHuw1lGnJVJfuU3w039XPM=
,0,1,1,0,1,5/1/2023 4:37,467,467,467,pbkdf2_sha256$600000$zXn3Dv4QqNOcBik4NMdyuW$OLguRG8KogyDz7poBxVP9oHuw1lGnJVJfuU3w039XPM=
,0,1,1,0,1,5/1/2023 4:37,468,468,468,pbkdf2_sha256$600000$zXn3Dv4QqNOcBik4NMdyuW$OLguRG8KogyDz7poBxVP9oHuw1lGnJVJfuU3w039XPM=
,0,1,1,0,1,5/1/2023 4:37,469,469,469,pbkdf2_sha256$600000$zXn3Dv4QqNOcBik4NMdyuW$OLguRG8KogyDz7poBxVP9oHuw1lGnJVJfuU3w039XPM=
,0,1,1,0,1,5/1/2023 4:37,470,470,470,pbkdf2_sha256$600000$zXn3Dv4QqNOcBik4NMdyuW$OLguRG8KogyDz7poBxVP9oHuw1lGnJVJfuU3w039XPM=
,0,1,1,0,1,5/1/2023 4:37,471,471,471,pbkdf2_sha256$600000$zXn3Dv4QqNOcBik4NMdyuW$OLguRG8KogyDz7poBxVP9oHuw1lGnJVJfuU3w039XPM=
,0,1,1,0,1,5/1/2023 4:37,472,472,472,pbkdf2_sha256$600000$zXn3Dv4QqNOcBik4NMdyuW$OLguRG8KogyDz7poBxVP9oHuw1lGnJVJfuU3w039XPM=
,0,1,1,0,1,5/1/2023 4:37,473,473,473,pbkdf2_sha256$600000$zXn3Dv4QqNOcBik4NMdyuW$OLguRG8KogyDz7poBxVP9oHuw1lGnJVJfuU3w039XPM=
,0,1,1,0,1,5/1/2023 4:37,474,474,474,pbkdf2_sha256$600000$zXn3Dv4QqNOcBik4NMdyuW$OLguRG8KogyDz7poBxVP9oHuw1lGnJVJfuU3w039XPM=
,0,1,1,0,1,5/1/2023 4:37,475,475,475,pbkdf2_sha256$600000$zXn3Dv4QqNOcBik4NMdyuW$OLguRG8KogyDz7poBxVP9oHuw1lGnJVJfuU3w039XPM=
,0,1,1,0,1,5/1/2023 4:37,476,476,476,pbkdf2_sha256$600000$zXn3Dv4QqNOcBik4NMdyuW$OLguRG8KogyDz7poBxVP9oHuw1lGnJVJfuU3w039XPM=
,0,1,1,0,1,5/1/2023 4:37,477,477,477,pbkdf2_sha256$600000$zXn3Dv4QqNOcBik4NMdyuW$OLguRG8KogyDz7poBxVP9oHuw1lGnJVJfuU3w039XPM=
,0,1,1,0,1,5/1/2023 4:37,478,478,478,pbkdf2_sha256$600000$zXn3Dv4QqNOcBik4NMdyuW$OLguRG8KogyDz7poBxVP9oHuw1lGnJVJfuU3w039XPM=
,0,1,1,0,1,5/1/2023 4:37,479,479,479,pbkdf2_sha256$600000$zXn3Dv4QqNOcBik4NMdyuW$OLguRG8KogyDz7poBxVP9oHuw1lGnJVJfuU3w039XPM=
,0,1,1,0,1,5/1/2023 4:37,480,480,480,pbkdf2_sha256$600000$zXn3Dv4QqNOcBik4NMdyuW$OLguRG8KogyDz7poBxVP9oHuw1lGnJVJfuU3w039XPM=
,0,1,1,0,1,5/1/2023 4:37,481,481,481,pbkdf2_sha256$600000$zXn3Dv4QqNOcBik4NMdyuW$OLguRG8KogyDz7poBxVP9oHuw1lGnJVJfuU3w039XPM=
,0,1,1,0,1,5/1/2023 4:37,482,482,482,pbkdf2_sha256$600000$zXn3Dv4QqNOcBik4NMdyuW$OLguRG8KogyDz7poBxVP9oHuw1lGnJVJfuU3w039XPM=
,0,1,1,0,1,5/1/2023 4:37,483,483,483,pbkdf2_sha256$600000$zXn3Dv4QqNOcBik4NMdyuW$OLguRG8KogyDz7poBxVP9oHuw1lGnJVJfuU3w039XPM=
,0,1,1,0,1,5/1/2023 4:37,484,484,484,pbkdf2_sha256$600000$zXn3Dv4QqNOcBik4NMdyuW$OLguRG8KogyDz7poBxVP9oHuw1lGnJVJfuU3w039XPM=
,0,1,1,0,1,5/1/2023 4:37,485,485,485,pbkdf2_sha256$600000$zXn3Dv4QqNOcBik4NMdyuW$OLguRG8KogyDz7poBxVP9oHuw1lGnJVJfuU3w039XPM=
,0,1,1,0,1,5/1/2023 4:37,486,486,486,pbkdf2_sha256$600000$zXn3Dv4QqNOcBik4NMdyuW$OLguRG8KogyDz7poBxVP9oHuw1lGnJVJfuU3w039XPM=
,0,1,1,0,1,5/1/2023 4:37,487,487,487,pbkdf2_sha256$600000$zXn3Dv4QqNOcBik4NMdyuW$OLguRG8KogyDz7poBxVP9oHuw1lGnJVJfuU3w039XPM=
,0,1,1,0,1,5/1/2023 4:37,488,488,488,pbkdf2_sha256$600000$zXn3Dv4QqNOcBik4NMdyuW$OLguRG8KogyDz7poBxVP9oHuw1lGnJVJfuU3w039XPM=
,0,1,1,0,1,5/1/2023 4:37,489,489,489,pbkdf2_sha256$600000$zXn3Dv4QqNOcBik4NMdyuW$OLguRG8KogyDz7poBxVP9oHuw1lGnJVJfuU3w039XPM=
,0,1,1,0,1,5/1/2023 4:37,490,490,490,pbkdf2_sha256$600000$zXn3Dv4QqNOcBik4NMdyuW$OLguRG8KogyDz7poBxVP9oHuw1lGnJVJfuU3w039XPM=
,0,1,1,0,1,5/1/2023 4:37,491,491,491,pbkdf2_sha256$600000$zXn3Dv4QqNOcBik4NMdyuW$OLguRG8KogyDz7poBxVP9oHuw1lGnJVJfuU3w039XPM=
,0,1,1,0,1,5/1/2023 4:37,492,492,492,pbkdf2_sha256$600000$zXn3Dv4QqNOcBik4NMdyuW$OLguRG8KogyDz7poBxVP9oHuw1lGnJVJfuU3w039XPM=
,0,1,1,0,1,5/1/2023 4:37,493,493,493,pbkdf2_sha256$600000$zXn3Dv4QqNOcBik4NMdyuW$OLguRG8KogyDz7poBxVP9oHuw1lGnJVJfuU3w039XPM=
,0,1,1,0,1,5/1/2023 4:37,494,494,494,pbkdf2_sha256$600000$zXn3Dv4QqNOcBik4NMdyuW$OLguRG8KogyDz7poBxVP9oHuw1lGnJVJfuU3w039XPM=
,0,1,1,0,1,5/1/2023 4:37,495,495,495,pbkdf2_sha256$600000$zXn3Dv4QqNOcBik4NMdyuW$OLguRG8KogyDz7poBxVP9oHuw1lGnJVJfuU3w039XPM=
,0,1,1,0,1,5/1/2023 4:37,496,496,496,pbkdf2_sha256$600000$zXn3Dv4QqNOcBik4NMdyuW$OLguRG8KogyDz7poBxVP9oHuw1lGnJVJfuU3w039XPM=
,0,1,1,0,1,5/1/2023 4:37,497,497,497,pbkdf2_sha256$600000$zXn3Dv4QqNOcBik4NMdyuW$OLguRG8KogyDz7poBxVP9oHuw1lGnJVJfuU3w039XPM=
,0,1,1,0,1,5/1/2023 4:37,498,498,498,pbkdf2_sha256$600000$zXn3Dv4QqNOcBik4NMdyuW$OLguRG8KogyDz7poBxVP9oHuw1lGnJVJfuU3w039XPM=
,0,1,1,0,1,5/1/2023 4:37,499,499,499,pbkdf2_sha256$600000$zXn3Dv4QqNOcBik4NMdyuW$OLguRG8KogyDz7poBxVP9oHuw1lGnJVJfuU3w039XPM=
,0,1,1,0,1,5/1/2023 4:37,500,500,500,pbkdf2_sha256$600000$zXn3Dv4QqNOcBik4NMdyuW$OLguRG8KogyDz7poBxVP9oHuw1lGnJVJfuU3w039XPM=
,0,1,1,0,1,5/1/2023 4:37,501,501,501,pbkdf2_sha256$600000$zXn3Dv4QqNOcBik4NMdyuW$OLguRG8KogyDz7poBxVP9oHuw1lGnJVJfuU3w039XPM=
,0,1,1,0,1,5/1/2023 4:37,502,502,502,pbkdf2_sha256$600000$zXn3Dv4QqNOcBik4NMdyuW$OLguRG8KogyDz7poBxVP9oHuw1lGnJVJfuU3w039XPM=
,0,1,1,0,1,5/1/2023 4:37,503,503,503,pbkdf2_sha256$600000$zXn3Dv4QqNOcBik4NMdyuW$OLguRG8KogyDz7poBxVP9oHuw1lGnJVJfuU3w039XPM=
,0,1,1,0,1,5/1/2023 4:37,504,504,504,pbkdf2_sha256$600000$zXn3Dv4QqNOcBik4NMdyuW$OLguRG8KogyDz7poBxVP9oHuw1lGnJVJfuU3w039XPM=
,0,1,1,0,1,5/1/2023 4:37,505,505,505,pbkdf2_sha256$600000$zXn3Dv4QqNOcBik4NMdyuW$OLguRG8KogyDz7poBxVP9oHuw1lGnJVJfuU3w039XPM=
,0,1,1,0,1,5/1/2023 4:37,506,506,506,pbkdf2_sha256$600000$zXn3Dv4QqNOcBik4NMdyuW$OLguRG8KogyDz7poBxVP9oHuw1lGnJVJfuU3w039XPM=
,0,1,1,0,1,5/1/2023 4:37,507,507,507,pbkdf2_sha256$600000$zXn3Dv4QqNOcBik4NMdyuW$OLguRG8KogyDz7poBxVP9oHuw1lGnJVJfuU3w039XPM=
,0,1,1,0,1,5/1/2023 4:37,508,508,508,pbkdf2_sha256$600000$zXn3Dv4QqNOcBik4NMdyuW$OLguRG8KogyDz7poBxVP9oHuw1lGnJVJfuU3w039XPM=
,0,1,1,0,1,5/1/2023 4:37,509,509,509,pbkdf2_sha256$600000$zXn3Dv4QqNOcBik4NMdyuW$OLguRG8KogyDz7poBxVP9oHuw1lGnJVJfuU3w039XPM=
,0,1,1,0,1,5/1/2023 4:37,510,510,510,pbkdf2_sha256$600000$zXn3Dv4QqNOcBik4NMdyuW$OLguRG8KogyDz7poBxVP9oHuw1lGnJVJfuU3w039XPM=
,0,1,1,0,1,5/1/2023 4:37,511,511,511,pbkdf2_sha256$600000$zXn3Dv4QqNOcBik4NMdyuW$OLguRG8KogyDz7poBxVP9oHuw1lGnJVJfuU3w039XPM=
,0,1,1,0,1,5/1/2023 4:37,512,512,512,pbkdf2_sha256$600000$zXn3Dv4QqNOcBik4NMdyuW$OLguRG8KogyDz7poBxVP9oHuw1lGnJVJfuU3w039XPM=
,0,1,1,0,1,5/1/2023 4:37,513,513,513,pbkdf2_sha256$600000$zXn3Dv4QqNOcBik4NMdyuW$OLguRG8KogyDz7poBxVP9oHuw1lGnJVJfuU3w039XPM=
,0,1,1,0,1,5/1/2023 4:37,514,514,514,pbkdf2_sha256$600000$zXn3Dv4QqNOcBik4NMdyuW$OLguRG8KogyDz7poBxVP9oHuw1lGnJVJfuU3w039XPM=
,0,1,1,0,1,5/1/2023 4:37,515,515,515,pbkdf2_sha256$600000$zXn3Dv4QqNOcBik4NMdyuW$OLguRG8KogyDz7poBxVP9oHuw1lGnJVJfuU3w039XPM=
,0,1,1,0,1,5/1/2023 4:37,516,516,516,pbkdf2_sha256$600000$zXn3Dv4QqNOcBik4NMdyuW$OLguRG8KogyDz7poBxVP9oHuw1lGnJVJfuU3w039XPM=
,0,1,1,0,1,5/1/2023 4:37,517,517,517,pbkdf2_sha256$600000$zXn3Dv4QqNOcBik4NMdyuW$OLguRG8KogyDz7poBxVP9oHuw1lGnJVJfuU3w039XPM=
,0,1,1,0,1,5/1/2023 4:37,518,518,518,pbkdf2_sha256$600000$zXn3Dv4QqNOcBik4NMdyuW$OLguRG8KogyDz7poBxVP9oHuw1lGnJVJfuU3w039XPM=
,0,1,1,0,1,5/1/2023 4:37,519,519,519,pbkdf2_sha256$600000$zXn3Dv4QqNOcBik4NMdyuW$OLguRG8KogyDz7poBxVP9oHuw1lGnJVJfuU3w039XPM=
,0,1,1,0,1,5/1/2023 4:37,520,520,520,pbkdf2_sha256$600000$zXn3Dv4QqNOcBik4NMdyuW$OLguRG8KogyDz7poBxVP9oHuw1lGnJVJfuU3w039XPM=
,0,1,1,0,1,5/1/2023 4:37,521,521,521,pbkdf2_sha256$600000$zXn3Dv4QqNOcBik4NMdyuW$OLguRG8KogyDz7poBxVP9oHuw1lGnJVJfuU3w039XPM=
,0,1,1,0,1,5/1/2023 4:37,522,522,522,pbkdf2_sha256$600000$zXn3Dv4QqNOcBik4NMdyuW$OLguRG8KogyDz7poBxVP9oHuw1lGnJVJfuU3w039XPM=
,0,1,1,0,1,5/1/2023 4:37,523,523,523,pbkdf2_sha256$600000$zXn3Dv4QqNOcBik4NMdyuW$OLguRG8KogyDz7poBxVP9oHuw1lGnJVJfuU3w039XPM=
,0,1,1,0,1,5/1/2023 4:37,524,524,524,pbkdf2_sha256$600000$zXn3Dv4QqNOcBik4NMdyuW$OLguRG8KogyDz7poBxVP9oHuw1lGnJVJfuU3w039XPM=
,0,1,1,0,1,5/1/2023 4:37,525,525,525,pbkdf2_sha256$600000$zXn3Dv4QqNOcBik4NMdyuW$OLguRG8KogyDz7poBxVP9oHuw1lGnJVJfuU3w039XPM=
,0,1,1,0,1,5/1/2023 4:37,526,526,526,pbkdf2_sha256$600000$zXn3Dv4QqNOcBik4NMdyuW$OLguRG8KogyDz7poBxVP9oHuw1lGnJVJfuU3w039XPM=
,0,1,1,0,1,5/1/2023 4:37,527,527,527,pbkdf2_sha256$600000$zXn3Dv4QqNOcBik4NMdyuW$OLguRG8KogyDz7poBxVP9oHuw1lGnJVJfuU3w039XPM=
,0,1,1,0,1,5/1/2023 4:37,528,528,528,pbkdf2_sha256$600000$zXn3Dv4QqNOcBik4NMdyuW$OLguRG8KogyDz7poBxVP9oHuw1lGnJVJfuU3w039XPM=
,0,1,1,0,1,5/1/2023 4:37,529,529,529,pbkdf2_sha256$600000$zXn3Dv4QqNOcBik4NMdyuW$OLguRG8KogyDz7poBxVP9oHuw1lGnJVJfuU3w039XPM=
,0,1,1,0,1,5/1/2023 4:37,530,530,530,pbkdf2_sha256$600000$zXn3Dv4QqNOcBik4NMdyuW$OLguRG8KogyDz7poBxVP9oHuw1lGnJVJfuU3w039XPM=
,0,1,1,0,1,5/1/2023 4:37,531,531,531,pbkdf2_sha256$600000$zXn3Dv4QqNOcBik4NMdyuW$OLguRG8KogyDz7poBxVP9oHuw1lGnJVJfuU3w039XPM=
,0,1,1,0,1,5/1/2023 4:37,532,532,532,pbkdf2_sha256$600000$zXn3Dv4QqNOcBik4NMdyuW$OLguRG8KogyDz7poBxVP9oHuw1lGnJVJfuU3w039XPM=
,0,1,1,0,1,5/1/2023 4:37,533,533,533,pbkdf2_sha256$600000$zXn3Dv4QqNOcBik4NMdyuW$OLguRG8KogyDz7poBxVP9oHuw1lGnJVJfuU3w039XPM=
,0,1,1,0,1,5/1/2023 4:37,534,534,534,pbkdf2_sha256$600000$zXn3Dv4QqNOcBik4NMdyuW$OLguRG8KogyDz7poBxVP9oHuw1lGnJVJfuU3w039XPM=
,0,1,1,0,1,5/1/2023 4:37,535,535,535,pbkdf2_sha256$600000$zXn3Dv4QqNOcBik4NMdyuW$OLguRG8KogyDz7poBxVP9oHuw1lGnJVJfuU3w039XPM=
,0,1,1,0,1,5/1/2023 4:37,536,536,536,pbkdf2_sha256$600000$zXn3Dv4QqNOcBik4NMdyuW$OLguRG8KogyDz7poBxVP9oHuw1lGnJVJfuU3w039XPM=
,0,1,1,0,1,5/1/2023 4:37,537,537,537,pbkdf2_sha256$600000$zXn3Dv4QqNOcBik4NMdyuW$OLguRG8KogyDz7poBxVP9oHuw1lGnJVJfuU3w039XPM=
,0,1,1,0,1,5/1/2023 4:37,538,538,538,pbkdf2_sha256$600000$zXn3Dv4QqNOcBik4NMdyuW$OLguRG8KogyDz7poBxVP9oHuw1lGnJVJfuU3w039XPM=
,0,1,1,0,1,5/1/2023 4:37,539,539,539,pbkdf2_sha256$600000$zXn3Dv4QqNOcBik4NMdyuW$OLguRG8KogyDz7poBxVP9oHuw1lGnJVJfuU3w039XPM=
,0,1,1,0,1,5/1/2023 4:37,540,540,540,pbkdf2_sha256$600000$zXn3Dv4QqNOcBik4NMdyuW$OLguRG8KogyDz7poBxVP9oHuw1lGnJVJfuU3w039XPM=
,0,1,1,0,1,5/1/2023 4:37,541,541,541,pbkdf2_sha256$600000$zXn3Dv4QqNOcBik4NMdyuW$OLguRG8KogyDz7poBxVP9oHuw1lGnJVJfuU3w039XPM=
,0,1,1,0,1,5/1/2023 4:37,542,542,542,pbkdf2_sha256$600000$zXn3Dv4QqNOcBik4NMdyuW$OLguRG8KogyDz7poBxVP9oHuw1lGnJVJfuU3w039XPM=
,0,1,1,0,1,5/1/2023 4:37,543,543,543,pbkdf2_sha256$600000$zXn3Dv4QqNOcBik4NMdyuW$OLguRG8KogyDz7poBxVP9oHuw1lGnJVJfuU3w039XPM=
,0,1,1,0,1,5/1/2023 4:37,544,544,544,pbkdf2_sha256$600000$zXn3Dv4QqNOcBik4NMdyuW$OLguRG8KogyDz7poBxVP9oHuw1lGnJVJfuU3w039XPM=
,0,1,1,0,1,5/1/2023 4:37,545,545,545,pbkdf2_sha256$600000$zXn3Dv4QqNOcBik4NMdyuW$OLguRG8KogyDz7poBxVP9oHuw1lGnJVJfuU3w039XPM=
,0,1,1,0,1,5/1/2023 4:37,546,546,546,pbkdf2_sha256$600000$zXn3Dv4QqNOcBik4NMdyuW$OLguRG8KogyDz7poBxVP9oHuw1lGnJVJfuU3w039XPM=
,0,1,1,0,1,5/1/2023 4:37,547,547,547,pbkdf2_sha256$600000$zXn3Dv4QqNOcBik4NMdyuW$OLguRG8KogyDz7poBxVP9oHuw1lGnJVJfuU3w039XPM=
,0,1,1,0,1,5/1/2023 4:37,548,548,548,pbkdf2_sha256$600000$zXn3Dv4QqNOcBik4NMdyuW$OLguRG8KogyDz7poBxVP9oHuw1lGnJVJfuU3w039XPM=
,0,1,1,0,1,5/1/2023 4:37,549,549,549,pbkdf2_sha256$600000$zXn3Dv4QqNOcBik4NMdyuW$OLguRG8KogyDz7poBxVP9oHuw1lGnJVJfuU3w039XPM=
,0,1,1,0,1,5/1/2023 4:37,550,550,550,pbkdf2_sha256$600000$zXn3Dv4QqNOcBik4NMdyuW$OLguRG8KogyDz7poBxVP9oHuw1lGnJVJfuU3w039XPM=
,0,1,1,0,1,5/1/2023 4:37,551,551,551,pbkdf2_sha256$600000$zXn3Dv4QqNOcBik4NMdyuW$OLguRG8KogyDz7poBxVP9oHuw1lGnJVJfuU3w039XPM=
,0,1,1,0,1,5/1/2023 4:37,552,552,552,pbkdf2_sha256$600000$zXn3Dv4QqNOcBik4NMdyuW$OLguRG8KogyDz7poBxVP9oHuw1lGnJVJfuU3w039XPM=
,0,1,1,0,1,5/1/2023 4:37,553,553,553,pbkdf2_sha256$600000$zXn3Dv4QqNOcBik4NMdyuW$OLguRG8KogyDz7poBxVP9oHuw1lGnJVJfuU3w039XPM=
,0,1,1,0,1,5/1/2023 4:37,554,554,554,pbkdf2_sha256$600000$zXn3Dv4QqNOcBik4NMdyuW$OLguRG8KogyDz7poBxVP9oHuw1lGnJVJfuU3w039XPM=
,0,1,1,0,1,5/1/2023 4:37,555,555,555,pbkdf2_sha256$600000$zXn3Dv4QqNOcBik4NMdyuW$OLguRG8KogyDz7poBxVP9oHuw1lGnJVJfuU3w039XPM=
,0,1,1,0,1,5/1/2023 4:37,556,556,556,pbkdf2_sha256$600000$zXn3Dv4QqNOcBik4NMdyuW$OLguRG8KogyDz7poBxVP9oHuw1lGnJVJfuU3w039XPM=
,0,1,1,0,1,5/1/2023 4:37,557,557,557,pbkdf2_sha256$600000$zXn3Dv4QqNOcBik4NMdyuW$OLguRG8KogyDz7poBxVP9oHuw1lGnJVJfuU3w039XPM=
,0,1,1,0,1,5/1/2023 4:37,558,558,558,pbkdf2_sha256$600000$zXn3Dv4QqNOcBik4NMdyuW$OLguRG8KogyDz7poBxVP9oHuw1lGnJVJfuU3w039XPM=
,0,1,1,0,1,5/1/2023 4:37,559,559,559,pbkdf2_sha256$600000$zXn3Dv4QqNOcBik4NMdyuW$OLguRG8KogyDz7poBxVP9oHuw1lGnJVJfuU3w039XPM=
,0,1,1,0,1,5/1/2023 4:37,560,560,560,pbkdf2_sha256$600000$zXn3Dv4QqNOcBik4NMdyuW$OLguRG8KogyDz7poBxVP9oHuw1lGnJVJfuU3w039XPM=
,0,1,1,0,1,5/1/2023 4:37,561,561,561,pbkdf2_sha256$600000$zXn3Dv4QqNOcBik4NMdyuW$OLguRG8KogyDz7poBxVP9oHuw1lGnJVJfuU3w039XPM=
,0,1,1,0,1,5/1/2023 4:37,562,562,562,pbkdf2_sha256$600000$zXn3Dv4QqNOcBik4NMdyuW$OLguRG8KogyDz7poBxVP9oHuw1lGnJVJfuU3w039XPM=
,0,1,1,0,1,5/1/2023 4:37,563,563,563,pbkdf2_sha256$600000$zXn3Dv4QqNOcBik4NMdyuW$OLguRG8KogyDz7poBxVP9oHuw1lGnJVJfuU3w039XPM=
,0,1,1,0,1,5/1/2023 4:37,564,564,564,pbkdf2_sha256$600000$zXn3Dv4QqNOcBik4NMdyuW$OLguRG8KogyDz7poBxVP9oHuw1lGnJVJfuU3w039XPM=
,0,1,1,0,1,5/1/2023 4:37,565,565,565,pbkdf2_sha256$600000$zXn3Dv4QqNOcBik4NMdyuW$OLguRG8KogyDz7poBxVP9oHuw1lGnJVJfuU3w039XPM=
,0,1,1,0,1,5/1/2023 4:37,566,566,566,pbkdf2_sha256$600000$zXn3Dv4QqNOcBik4NMdyuW$OLguRG8KogyDz7poBxVP9oHuw1lGnJVJfuU3w039XPM=
,0,1,1,0,1,5/1/2023 4:37,567,567,567,pbkdf2_sha256$600000$zXn3Dv4QqNOcBik4NMdyuW$OLguRG8KogyDz7poBxVP9oHuw1lGnJVJfuU3w039XPM=
,0,1,1,0,1,5/1/2023 4:37,568,568,568,pbkdf2_sha256$600000$zXn3Dv4QqNOcBik4NMdyuW$OLguRG8KogyDz7poBxVP9oHuw1lGnJVJfuU3w039XPM=
,0,1,1,0,1,5/1/2023 4:37,569,569,569,pbkdf2_sha256$600000$zXn3Dv4QqNOcBik4NMdyuW$OLguRG8KogyDz7poBxVP9oHuw1lGnJVJfuU3w039XPM=
,0,1,1,0,1,5/1/2023 4:37,570,570,570,pbkdf2_sha256$600000$zXn3Dv4QqNOcBik4NMdyuW$OLguRG8KogyDz7poBxVP9oHuw1lGnJVJfuU3w039XPM=
,0,1,1,0,1,5/1/2023 4:37,571,571,571,pbkdf2_sha256$600000$zXn3Dv4QqNOcBik4NMdyuW$OLguRG8KogyDz7poBxVP9oHuw1lGnJVJfuU3w039XPM=
,0,1,1,0,1,5/1/2023 4:37,572,572,572,pbkdf2_sha256$600000$zXn3Dv4QqNOcBik4NMdyuW$OLguRG8KogyDz7poBxVP9oHuw1lGnJVJfuU3w039XPM=
,0,1,1,0,1,5/1/2023 4:37,573,573,573,pbkdf2_sha256$600000$zXn3Dv4QqNOcBik4NMdyuW$OLguRG8KogyDz7poBxVP9oHuw1lGnJVJfuU3w039XPM=
,0,1,1,0,1,5/1/2023 4:37,574,574,574,pbkdf2_sha256$600000$zXn3Dv4QqNOcBik4NMdyuW$OLguRG8KogyDz7poBxVP9oHuw1lGnJVJfuU3w039XPM=
,0,1,1,0,1,5/1/2023 4:37,575,575,575,pbkdf2_sha256$600000$zXn3Dv4QqNOcBik4NMdyuW$OLguRG8KogyDz7poBxVP9oHuw1lGnJVJfuU3w039XPM=
,0,1,1,0,1,5/1/2023 4:37,576,576,576,pbkdf2_sha256$600000$zXn3Dv4QqNOcBik4NMdyuW$OLguRG8KogyDz7poBxVP9oHuw1lGnJVJfuU3w039XPM=
,0,1,1,0,1,5/1/2023 4:37,577,577,577,pbkdf2_sha256$600000$zXn3Dv4QqNOcBik4NMdyuW$OLguRG8KogyDz7poBxVP9oHuw1lGnJVJfuU3w039XPM=
,0,1,1,0,1,5/1/2023 4:37,578,578,578,pbkdf2_sha256$600000$zXn3Dv4QqNOcBik4NMdyuW$OLguRG8KogyDz7poBxVP9oHuw1lGnJVJfuU3w039XPM=
,0,1,1,0,1,5/1/2023 4:37,579,579,579,pbkdf2_sha256$600000$zXn3Dv4QqNOcBik4NMdyuW$OLguRG8KogyDz7poBxVP9oHuw1lGnJVJfuU3w039XPM=
,0,1,1,0,1,5/1/2023 4:37,580,580,580,pbkdf2_sha256$600000$zXn3Dv4QqNOcBik4NMdyuW$OLguRG8KogyDz7poBxVP9oHuw1lGnJVJfuU3w039XPM=
,0,1,1,0,1,5/1/2023 4:37,581,581,581,pbkdf2_sha256$600000$zXn3Dv4QqNOcBik4NMdyuW$OLguRG8KogyDz7poBxVP9oHuw1lGnJVJfuU3w039XPM=
,0,1,1,0,1,5/1/2023 4:37,582,582,582,pbkdf2_sha256$600000$zXn3Dv4QqNOcBik4NMdyuW$OLguRG8KogyDz7poBxVP9oHuw1lGnJVJfuU3w039XPM=
,0,1,1,0,1,5/1/2023 4:37,583,583,583,pbkdf2_sha256$600000$zXn3Dv4QqNOcBik4NMdyuW$OLguRG8KogyDz7poBxVP9oHuw1lGnJVJfuU3w039XPM=
,0,1,1,0,1,5/1/2023 4:37,584,584,584,pbkdf2_sha256$600000$zXn3Dv4QqNOcBik4NMdyuW$OLguRG8KogyDz7poBxVP9oHuw1lGnJVJfuU3w039XPM=
,0,1,1,0,1,5/1/2023 4:37,585,585,585,pbkdf2_sha256$600000$zXn3Dv4QqNOcBik4NMdyuW$OLguRG8KogyDz7poBxVP9oHuw1lGnJVJfuU3w039XPM=
,0,1,1,0,1,5/1/2023 4:37,586,586,586,pbkdf2_sha256$600000$zXn3Dv4QqNOcBik4NMdyuW$OLguRG8KogyDz7poBxVP9oHuw1lGnJVJfuU3w039XPM=
,0,1,1,0,1,5/1/2023 4:37,587,587,587,pbkdf2_sha256$600000$zXn3Dv4QqNOcBik4NMdyuW$OLguRG8KogyDz7poBxVP9oHuw1lGnJVJfuU3w039XPM=
,0,1,1,0,1,5/1/2023 4:37,588,588,588,pbkdf2_sha256$600000$zXn3Dv4QqNOcBik4NMdyuW$OLguRG8KogyDz7poBxVP9oHuw1lGnJVJfuU3w039XPM=
,0,1,1,0,1,5/1/2023 4:37,589,589,589,pbkdf2_sha256$600000$zXn3Dv4QqNOcBik4NMdyuW$OLguRG8KogyDz7poBxVP9oHuw1lGnJVJfuU3w039XPM=
,0,1,1,0,1,5/1/2023 4:37,590,590,590,pbkdf2_sha256$600000$zXn3Dv4QqNOcBik4NMdyuW$OLguRG8KogyDz7poBxVP9oHuw1lGnJVJfuU3w039XPM=
,0,1,1,0,1,5/1/2023 4:37,591,591,591,pbkdf2_sha256$600000$zXn3Dv4QqNOcBik4NMdyuW$OLguRG8KogyDz7poBxVP9oHuw1lGnJVJfuU3w039XPM=
,0,1,1,0,1,5/1/2023 4:37,592,592,592,pbkdf2_sha256$600000$zXn3Dv4QqNOcBik4NMdyuW$OLguRG8KogyDz7poBxVP9oHuw1lGnJVJfuU3w039XPM=
,0,1,1,0,1,5/1/2023 4:37,593,593,593,pbkdf2_sha256$600000$zXn3Dv4QqNOcBik4NMdyuW$OLguRG8KogyDz7poBxVP9oHuw1lGnJVJfuU3w039XPM=
,0,1,1,0,1,5/1/2023 4:37,594,594,594,pbkdf2_sha256$600000$zXn3Dv4QqNOcBik4NMdyuW$OLguRG8KogyDz7poBxVP9oHuw1lGnJVJfuU3w039XPM=
,0,1,1,0,1,5/1/2023 4:37,595,595,595,pbkdf2_sha256$600000$zXn3Dv4QqNOcBik4NMdyuW$OLguRG8KogyDz7poBxVP9oHuw1lGnJVJfuU3w039XPM=
,0,1,1,0,1,5/1/2023 4:37,596,596,596,pbkdf2_sha256$600000$zXn3Dv4QqNOcBik4NMdyuW$OLguRG8KogyDz7poBxVP9oHuw1lGnJVJfuU3w039XPM=
,0,1,1,0,1,5/1/2023 4:37,597,597,597,pbkdf2_sha256$600000$zXn3Dv4QqNOcBik4NMdyuW$OLguRG8KogyDz7poBxVP9oHuw1lGnJVJfuU3w039XPM=
,0,1,1,0,1,5/1/2023 4:37,598,598,598,pbkdf2_sha256$600000$zXn3Dv4QqNOcBik4NMdyuW$OLguRG8KogyDz7poBxVP9oHuw1lGnJVJfuU3w039XPM=
,0,1,1,0,1,5/1/2023 4:37,599,599,599,pbkdf2_sha256$600000$zXn3Dv4QqNOcBik4NMdyuW$OLguRG8KogyDz7poBxVP9oHuw1lGnJVJfuU3w039XPM=
,0,1,1,0,1,5/1/2023 4:37,600,600,600,pbkdf2_sha256$600000$zXn3Dv4QqNOcBik4NMdyuW$OLguRG8KogyDz7poBxVP9oHuw1lGnJVJfuU3w039XPM=
,0,1,1,0,1,5/1/2023 4:37,601,601,601,pbkdf2_sha256$600000$zXn3Dv4QqNOcBik4NMdyuW$OLguRG8KogyDz7poBxVP9oHuw1lGnJVJfuU3w039XPM=
,0,1,1,0,1,5/1/2023 4:37,602,602,602,pbkdf2_sha256$600000$zXn3Dv4QqNOcBik4NMdyuW$OLguRG8KogyDz7poBxVP9oHuw1lGnJVJfuU3w039XPM=
,0,1,1,0,1,5/1/2023 4:37,603,603,603,pbkdf2_sha256$600000$zXn3Dv4QqNOcBik4NMdyuW$OLguRG8KogyDz7poBxVP9oHuw1lGnJVJfuU3w039XPM=
,0,1,1,0,1,5/1/2023 4:37,604,604,604,pbkdf2_sha256$600000$zXn3Dv4QqNOcBik4NMdyuW$OLguRG8KogyDz7poBxVP9oHuw1lGnJVJfuU3w039XPM=
,0,1,1,0,1,5/1/2023 4:37,605,605,605,pbkdf2_sha256$600000$zXn3Dv4QqNOcBik4NMdyuW$OLguRG8KogyDz7poBxVP9oHuw1lGnJVJfuU3w039XPM=
,0,1,1,0,1,5/1/2023 4:37,606,606,606,pbkdf2_sha256$600000$zXn3Dv4QqNOcBik4NMdyuW$OLguRG8KogyDz7poBxVP9oHuw1lGnJVJfuU3w039XPM=
,0,1,1,0,1,5/1/2023 4:37,607,607,607,pbkdf2_sha256$600000$zXn3Dv4QqNOcBik4NMdyuW$OLguRG8KogyDz7poBxVP9oHuw1lGnJVJfuU3w039XPM=
,0,1,1,0,1,5/1/2023 4:37,608,608,608,pbkdf2_sha256$600000$zXn3Dv4QqNOcBik4NMdyuW$OLguRG8KogyDz7poBxVP9oHuw1lGnJVJfuU3w039XPM=
,0,1,1,0,1,5/1/2023 4:37,609,609,609,pbkdf2_sha256$600000$zXn3Dv4QqNOcBik4NMdyuW$OLguRG8KogyDz7poBxVP9oHuw1lGnJVJfuU3w039XPM=
,0,1,1,0,1,5/1/2023 4:37,610,610,610,pbkdf2_sha256$600000$zXn3Dv4QqNOcBik4NMdyuW$OLguRG8KogyDz7poBxVP9oHuw1lGnJVJfuU3w039XPM=
